                                       1                                        2                                        3                                        4                                        5                                        6                                        7                                        8                                        9                                       10                                       11 
                          version_number                                 compiler                                    build                         MESA_SDK_version                             math_backend                                     date                                burn_min1                                burn_min2                                     msun                                     rsun                                     lsun 
                               "r26.4.1"                               "gfortran"                                 "15.2.0"                   "aarch64-macos-26.3.2"                                 "CRMATH"                               "20260508"                  5.0000000000000000E+001                  1.0000000000000000E+003                  1.9884098706980504E+033                  6.9570000000000000E+010                  3.8280000000000003E+033 

                                       1                                        2                                        3                                        4                                        5                                        6                                        7                                        8                                        9                                       10                                       11                                       12                                       13                                       14                                       15                                       16                                       17                                       18                                       19                                       20                                       21                                       22                                       23                                       24                                       25                                       26                                       27                                       28                                       29                                       30                                       31                                       32                                       33                                       34                                       35                                       36                                       37                                       38                                       39                                       40                                       41                                       42                                       43                                       44                                       45                                       46                                       47                                       48                                       49                                       50                                       51                                       52                                       53                                       54                                       55                                       56                                       57                                       58                                       59                                       60 
                            model_number                                num_zones                                 star_age                                   log_dt                                star_mass                               log_xmstar                             log_abs_mdot                           mass_conv_core                             conv_mx1_top                             conv_mx1_bot                             conv_mx2_top                             conv_mx2_bot                                  mx1_top                                  mx1_bot                                  mx2_top                                  mx2_bot                       log_power_nuc_burn                           power_nuc_burn                                   log_LH                                  log_LHe                                   log_LZ                                 log_Lnuc                                     Lnuc                                       pp                                      cno                                tri_alpha                               epsnuc_M_1                               epsnuc_M_2                               epsnuc_M_3                               epsnuc_M_4                               epsnuc_M_5                               epsnuc_M_6                               epsnuc_M_7                               epsnuc_M_8                             he_core_mass                             co_core_mass                            one_core_mass                             fe_core_mass                   neutron_rich_core_mass                                 log_Teff                                    log_L                                    log_R                                    log_g                        v_div_csound_surf                               log_cntr_P                             log_cntr_Rho                               log_cntr_T                                center_mu                                center_ye                              center_abar                                center_h1                               center_he4                               center_c12                               center_o16                              surface_c12                              surface_o16                            total_mass_h1                           total_mass_he4                              num_retries                                num_iters 
                                       1                                      569                  1.0000000000000001E-005                 -4.9999999999999991E+000                  5.0000000000000000E+000                  3.3997475914696686E+001                 -9.8999999999999986E+001                  0.0000000000000000E+000                  9.9999980789182730E-001                  2.1285484105411780E-002                  0.0000000000000000E+000                  0.0000000000000000E+000                  9.9999980789182730E-001                  2.1285484105411780E-002                  0.0000000000000000E+000                  0.0000000000000000E+000                 -1.1355706322962176E+001                  4.4085287466555219E-012                 -1.1355706322962176E+001                 -9.8999999999999986E+001                 -9.8999999999999986E+001                 -1.1355706322962176E+001                  4.4085287466555219E-012                 -1.1355706322962176E+001                 -3.4429122067379630E+001                 -9.8999999999999986E+001                 -2.0000000000000000E+001                 -2.0000000000000000E+001                 -2.0000000000000000E+001                 -2.0000000000000000E+001                 -2.0000000000000000E+001                 -2.0000000000000000E+001                 -2.0000000000000000E+001                 -2.0000000000000000E+001                  0.0000000000000000E+000                  0.0000000000000000E+000                  0.0000000000000000E+000                  0.0000000000000000E+000                  0.0000000000000000E+000                  3.6671554680768552E+000                  2.5703721378653119E+000                  1.4735282936434424E+000                  2.1899810443522667E+000                  0.0000000000000000E+000                  1.1499677542815048E+001                 -2.7465994149647410E+000                  6.1107527785589113E+000                  6.2143811713827590E-001                  8.5000496627254196E-001                  1.2966429887659308E+000                  7.0000000000000007E-001                  2.7997020236474890E-001                  3.4468833607861384E-003                  9.3805276451495428E-003                  3.4468833607861548E-003                  9.3805276451495428E-003                  3.5000000000000022E+000                  1.3998510118237459E+000                                        0                                        2 
                                       5                                      575                  7.4416000000000014E-005                 -4.6832750158095005E+000                  5.0000000000000000E+000                  3.3997475914696686E+001                 -9.8999999999999986E+001                  0.0000000000000000E+000                  9.9999980789182774E-001                  2.1354502262969630E-002                  0.0000000000000000E+000                  0.0000000000000000E+000                  9.9999980789182774E-001                  2.1354502262969630E-002                  0.0000000000000000E+000                  0.0000000000000000E+000                 -1.1355706311073638E+001                  4.4085288673362215E-012                 -1.1355706311073638E+001                 -9.8999999999999986E+001                 -2.7092699609758306E+001                 -1.1355706311073638E+001                  4.4085288673362215E-012                 -1.1355706311073638E+001                 -3.4429122027020789E+001                 -9.8999999999999986E+001                 -2.0000000000000000E+001                 -2.0000000000000000E+001                 -2.0000000000000000E+001                 -2.0000000000000000E+001                 -2.0000000000000000E+001                 -2.0000000000000000E+001                 -2.0000000000000000E+001                 -2.0000000000000000E+001                  0.0000000000000000E+000                  0.0000000000000000E+000                  0.0000000000000000E+000                  0.0000000000000000E+000                  0.0000000000000000E+000                  3.6672342816194208E+000                  2.5706875031565355E+000                  1.4735283492039239E+000                  2.1899809332313040E+000                  0.0000000000000000E+000                  1.1499677546461703E+001                 -2.7465994121982167E+000                  6.1107527794410688E+000                  6.2143811713721542E-001                  8.5000496627254196E-001                  1.2966429887659308E+000                  7.0000000000000007E-001                  2.7997020236474890E-001                  3.4468833607861384E-003                  9.3805276451495428E-003                  3.4468833607861553E-003                  9.3805276451495428E-003                  3.5000000000000022E+000                  1.3998510118237459E+000                                        0                                        2 
                                      10                                      575                  2.5958682111999997E-004                 -4.2873687855713758E+000                  5.0000000000000000E+000                  3.3997475914696686E+001                 -9.8999999999999986E+001                  0.0000000000000000E+000                  9.9999980789182774E-001                  2.1347727325231609E-002                  0.0000000000000000E+000                  0.0000000000000000E+000                  9.9999980789182774E-001                  2.1347727325231609E-002                  0.0000000000000000E+000                  0.0000000000000000E+000                 -1.1355706276985142E+001                  4.4085292133689899E-012                 -1.1355706276985142E+001                 -9.8999999999999986E+001                 -9.8999999999999986E+001                 -1.1355706276985142E+001                  4.4085292133689899E-012                 -1.1355706276985142E+001                 -3.4429121911307561E+001                 -9.8999999999999986E+001                 -2.0000000000000000E+001                 -2.0000000000000000E+001                 -2.0000000000000000E+001                 -2.0000000000000000E+001                 -2.0000000000000000E+001                 -2.0000000000000000E+001                 -2.0000000000000000E+001                 -2.0000000000000000E+001                  0.0000000000000000E+000                  0.0000000000000000E+000                  0.0000000000000000E+000                  0.0000000000000000E+000                  0.0000000000000000E+000                  3.6672279405554975E+000                  2.5706619750054784E+000                  1.4735282672562413E+000                  2.1899810971266689E+000                  0.0000000000000000E+000                  1.1499677556925674E+001                 -2.7465994042570370E+000                  6.1107527819699250E+000                  6.2143811713417707E-001                  8.5000496627254196E-001                  1.2966429887659308E+000                  7.0000000000000007E-001                  2.7997020236474890E-001                  3.4468833607861384E-003                  9.3805276451495428E-003                  3.4468833607861548E-003                  9.3805276451495428E-003                  3.5000000000000022E+000                  1.3998510118237459E+000                                        0                                        2 
                                      15                                      575                  7.2035107872931814E-004                 -3.8914625553332525E+000                  5.0000000000000000E+000                  3.3997475914696686E+001                 -9.8999999999999986E+001                  0.0000000000000000E+000                  9.9999980789182774E-001                  2.1334643352737791E-002                  0.0000000000000000E+000                  0.0000000000000000E+000                  9.9999980789182774E-001                  2.1334643352737791E-002                  0.0000000000000000E+000                  0.0000000000000000E+000                 -1.1355706192144359E+001                  4.4085300745890242E-012                 -1.1355706192144359E+001                 -9.8999999999999986E+001                 -9.8999999999999986E+001                 -1.1355706192144359E+001                  4.4085300745890242E-012                 -1.1355706192144359E+001                 -3.4429121623311239E+001                 -9.8999999999999986E+001                 -2.0000000000000000E+001                 -2.0000000000000000E+001                 -2.0000000000000000E+001                 -2.0000000000000000E+001                 -2.0000000000000000E+001                 -2.0000000000000000E+001                 -2.0000000000000000E+001                 -2.0000000000000000E+001                  0.0000000000000000E+000                  0.0000000000000000E+000                  0.0000000000000000E+000                  0.0000000000000000E+000                  0.0000000000000000E+000                  3.6672224911480260E+000                  2.5706399729286824E+000                  1.4735281650327869E+000                  2.1899813015735776E+000                  0.0000000000000000E+000                  1.1499677582967434E+001                 -2.7465993844943704E+000                  6.1107527882640547E+000                  6.2143811712661412E-001                  8.5000496627254196E-001                  1.2966429887659308E+000                  7.0000000000000007E-001                  2.7997020236474890E-001                  3.4468833607861384E-003                  9.3805276451495428E-003                  3.4468833607861548E-003                  9.3805276451495428E-003                  3.5000000000000022E+000                  1.3998510118237459E+000                                        0                                        2 
                                      20                                      575                  1.8668799962237366E-003                 -3.4955563250951283E+000                  5.0000000000000000E+000                  3.3997475914696686E+001                 -9.8999999999999986E+001                  0.0000000000000000E+000                  9.9999980789182774E-001                  2.1315770724879078E-002                  0.0000000000000000E+000                  0.0000000000000000E+000                  9.9999980789182774E-001                  2.1315770724879078E-002                  0.0000000000000000E+000                  0.0000000000000000E+000                 -1.1355705981010821E+001                  4.4085322178093820E-012                 -1.1355705981010821E+001                 -9.8999999999999986E+001                 -9.8999999999999986E+001                 -1.1355705981010821E+001                  4.4085322178093820E-012                 -1.1355705981010821E+001                 -3.4429120906604268E+001                 -9.8999999999999986E+001                 -2.0000000000000000E+001                 -2.0000000000000000E+001                 -2.0000000000000000E+001                 -2.0000000000000000E+001                 -2.0000000000000000E+001                 -2.0000000000000000E+001                 -2.0000000000000000E+001                 -2.0000000000000000E+001                  0.0000000000000000E+000                  0.0000000000000000E+000                  0.0000000000000000E+000                  0.0000000000000000E+000                  0.0000000000000000E+000                  3.6672182521072010E+000                  2.5706227789559741E+000                  1.4735280461280813E+000                  2.1899815393829889E+000                  0.0000000000000000E+000                  1.1499677647772788E+001                 -2.7465993353154410E+000                  6.1107528039278209E+000                  6.2143811710779240E-001                  8.5000496627254196E-001                  1.2966429887659308E+000                  7.0000000000000007E-001                  2.7997020236474890E-001                  3.4468833607861384E-003                  9.3805276451495428E-003                  3.4468833607861548E-003                  9.3805276451495428E-003                  3.5000000000000022E+000                  1.3998510118237459E+000                                        0                                        2 
                                      25                                      575                  4.7198108322034473E-003                 -3.0996500948570040E+000                  5.0000000000000000E+000                  3.3997475914696686E+001                 -9.8999999999999986E+001                  0.0000000000000000E+000                  9.9999980789182774E-001                  2.1298609785528149E-002                  0.0000000000000000E+000                  0.0000000000000000E+000                  9.9999980789182774E-001                  2.1298609785528149E-002                  0.0000000000000000E+000                  0.0000000000000000E+000                 -1.1355705455596341E+001                  4.4085375513057942E-012                 -1.1355705455596341E+001                 -9.8999999999999986E+001                 -9.8999999999999986E+001                 -1.1355705455596341E+001                  4.4085375513057942E-012                 -1.1355705455596341E+001                 -3.4429119123051073E+001                 -9.8999999999999986E+001                 -2.0000000000000000E+001                 -2.0000000000000000E+001                 -2.0000000000000000E+001                 -2.0000000000000000E+001                 -2.0000000000000000E+001                 -2.0000000000000000E+001                 -2.0000000000000000E+001                 -2.0000000000000000E+001                  0.0000000000000000E+000                  0.0000000000000000E+000                  0.0000000000000000E+000                  0.0000000000000000E+000                  0.0000000000000000E+000                  3.6672160925746020E+000                  2.5706138797377904E+000                  1.4735279155841885E+000                  2.1899818004707750E+000                  0.0000000000000000E+000                  1.1499677809039598E+001                 -2.7465992129361987E+000                  6.1107528429081812E+000                  6.2143811706095198E-001                  8.5000496627254196E-001                  1.2966429887659308E+000                  7.0000000000000007E-001                  2.7997020236474890E-001                  3.4468833607861384E-003                  9.3805276451495428E-003                  3.4468833607861548E-003                  9.3805276451495428E-003                  3.5000000000000022E+000                  1.3998510118237459E+000                                        0                                        2 
                                      30                                      575                  1.1818815689988481E-002                 -2.7037438646188803E+000                  5.0000000000000000E+000                  3.3997475914696686E+001                 -9.8999999999999986E+001                  0.0000000000000000E+000                  9.9999980789182774E-001                  2.1289776204538476E-002                  0.0000000000000000E+000                  0.0000000000000000E+000                  9.9999980789182774E-001                  2.1289776204538476E-002                  0.0000000000000000E+000                  0.0000000000000000E+000                 -1.1355704148049261E+001                  4.4085508242791471E-012                 -1.1355704148049261E+001                 -9.8999999999999986E+001                 -9.8999999999999986E+001                 -1.1355704148049261E+001                  4.4085508242791471E-012                 -1.1355704148049261E+001                 -3.4429114684500583E+001                 -9.8999999999999986E+001                 -2.0000000000000000E+001                 -2.0000000000000000E+001                 -2.0000000000000000E+001                 -2.0000000000000000E+001                 -2.0000000000000000E+001                 -2.0000000000000000E+001                 -2.0000000000000000E+001                 -2.0000000000000000E+001                  0.0000000000000000E+000                  0.0000000000000000E+000                  0.0000000000000000E+000                  0.0000000000000000E+000                  0.0000000000000000E+000                  3.6672152638402324E+000                  2.5706102317982373E+000                  1.4735277490831504E+000                  2.1899821334728511E+000                  0.0000000000000000E+000                  1.1499678210355071E+001                 -2.7465989083978850E+000                  6.1107529399158542E+000                  6.2143811694438034E-001                  8.5000496627254196E-001                  1.2966429887659308E+000                  7.0000000000000007E-001                  2.7997020236474890E-001                  3.4468833607861384E-003                  9.3805276451495428E-003                  3.4468833607861548E-003                  9.3805276451495428E-003                  3.5000000000000022E+000                  1.3998510118237459E+000                                        0                                        2 
                                      35                                      575                  2.9483411457712130E-002                 -2.3078376343807561E+000                  5.0000000000000000E+000                  3.3997475914696686E+001                 -9.8999999999999986E+001                  0.0000000000000000E+000                  9.9999980789182774E-001                  2.1287089054950244E-002                  0.0000000000000000E+000                  0.0000000000000000E+000                  9.9999980789182774E-001                  2.1287089054950244E-002                  0.0000000000000000E+000                  0.0000000000000000E+000                 -1.1355700894216232E+001                  4.4085838542682851E-012                 -1.1355700894216232E+001                 -9.8999999999999986E+001                 -9.8999999999999986E+001                 -1.1355700894216232E+001                  4.4085838542682851E-012                 -1.1355700894216232E+001                 -3.4429103639172901E+001                 -9.8999999999999986E+001                 -2.0000000000000000E+001                 -2.0000000000000000E+001                 -2.0000000000000000E+001                 -2.0000000000000000E+001                 -2.0000000000000000E+001                 -2.0000000000000000E+001                 -2.0000000000000000E+001                 -2.0000000000000000E+001                  0.0000000000000000E+000                  0.0000000000000000E+000                  0.0000000000000000E+000                  0.0000000000000000E+000                  0.0000000000000000E+000                  3.6672150514474167E+000                  2.5706088000246563E+000                  1.4735274579819915E+000                  2.1899827156751690E+000                  0.0000000000000000E+000                  1.1499679209007196E+001                 -2.7465981505781003E+000                  6.1107531813211473E+000                  6.2143811665428417E-001                  8.5000496627254196E-001                  1.2966429887659308E+000                  7.0000000000000007E-001                  2.7997020236474890E-001                  3.4468833607861384E-003                  9.3805276451495428E-003                  3.4468833607861548E-003                  9.3805276451495428E-003                  3.5000000000000022E+000                  1.3998510118237459E+000                                        0                                        2 
                                      40                                      575                  7.3438578398454232E-002                 -1.9119314041426323E+000                  5.0000000000000000E+000                  3.3997475914696686E+001                 -9.8999999999999986E+001                  0.0000000000000000E+000                  9.9999980789182774E-001                  2.1286659825972016E-002                  0.0000000000000000E+000                  0.0000000000000000E+000                  9.9999980789182774E-001                  2.1286659825972016E-002                  0.0000000000000000E+000                  0.0000000000000000E+000                 -1.1355692797223238E+001                  4.4086660487396229E-012                 -1.1355692797223238E+001                 -9.8999999999999986E+001                 -9.8999999999999986E+001                 -1.1355692797223238E+001                  4.4086660487396229E-012                 -1.1355692797223238E+001                 -3.4429076153502628E+001                 -9.8999999999999986E+001                 -2.0000000000000000E+001                 -2.0000000000000000E+001                 -2.0000000000000000E+001                 -2.0000000000000000E+001                 -2.0000000000000000E+001                 -2.0000000000000000E+001                 -2.0000000000000000E+001                 -2.0000000000000000E+001                  0.0000000000000000E+000                  0.0000000000000000E+000                  0.0000000000000000E+000                  0.0000000000000000E+000                  0.0000000000000000E+000                  3.6672150724027732E+000                  2.5706075832932038E+000                  1.4735268077055528E+000                  2.1899840162280464E+000                  0.0000000000000000E+000                  1.1499681694057303E+001                 -2.7465962648291211E+000                  6.1107537820469098E+000                  6.2143811593238618E-001                  8.5000496627254196E-001                  1.2966429887659308E+000                  7.0000000000000007E-001                  2.7997020236474890E-001                  3.4468833607861384E-003                  9.3805276451495428E-003                  3.4468833607861548E-003                  9.3805276451495428E-003                  3.5000000000000022E+000                  1.3998510118237459E+000                                        0                                        2 
                                      45                                      575                  1.8281309940044158E-001                 -1.5160251739045081E+000                  5.0000000000000000E+000                  3.3997475914696686E+001                 -9.8999999999999986E+001                  0.0000000000000000E+000                  9.9999980789182774E-001                  2.1286974933007737E-002                  0.0000000000000000E+000                  0.0000000000000000E+000                  9.9999980789182774E-001                  2.1286974933007737E-002                  0.0000000000000000E+000                  0.0000000000000000E+000                 -1.1355672648114304E+001                  4.4088705937127915E-012                 -1.1355672648114304E+001                 -9.8999999999999986E+001                 -9.8999999999999986E+001                 -1.1355672648114304E+001                  4.4088705937127915E-012                 -1.1355672648114304E+001                 -3.4429007756601465E+001                 -9.8999999999999986E+001                 -2.0000000000000000E+001                 -2.0000000000000000E+001                 -2.0000000000000000E+001                 -2.0000000000000000E+001                 -2.0000000000000000E+001                 -2.0000000000000000E+001                 -2.0000000000000000E+001                 -2.0000000000000000E+001                  0.0000000000000000E+000                  0.0000000000000000E+000                  0.0000000000000000E+000                  0.0000000000000000E+000                  0.0000000000000000E+000                  3.6672152427001770E+000                  2.5706051045098710E+000                  1.4735252277190780E+000                  2.1899871762009959E+000                  0.0000000000000000E+000                  1.1499687877875132E+001                 -2.7465915723526728E+000                  6.1107552769302647E+000                  6.2143811413595240E-001                  8.5000496627254196E-001                  1.2966429887659308E+000                  7.0000000000000007E-001                  2.7997020236474890E-001                  3.4468833607861384E-003                  9.3805276451495428E-003                  3.4468833607861540E-003                  9.3805276451495428E-003                  3.5000000000000022E+000                  1.3998510118237459E+000                                        0                                        2 
                                      50                                      575                  4.5497190750010669E-001                 -1.1201189436663841E+000                  5.0000000000000000E+000                  3.3997475914696686E+001                 -9.8999999999999986E+001                  0.0000000000000000E+000                  9.9999980789182774E-001                  2.1287820218013339E-002                  0.0000000000000000E+000                  0.0000000000000000E+000                  9.9999980789182774E-001                  2.1287820218013339E-002                  0.0000000000000000E+000                  0.0000000000000000E+000                 -1.1355622508288610E+001                  4.4093796325645511E-012                 -1.1355622508288610E+001                 -9.8999999999999986E+001                 -9.8999999999999986E+001                 -1.1355622508288610E+001                  4.4093796325645511E-012                 -1.1355622508288610E+001                 -3.4428837555131494E+001                 -9.8999999999999986E+001                 -2.0000000000000000E+001                 -2.0000000000000000E+001                 -2.0000000000000000E+001                 -2.0000000000000000E+001                 -2.0000000000000000E+001                 -2.0000000000000000E+001                 -2.0000000000000000E+001                 -2.0000000000000000E+001                  0.0000000000000000E+000                  0.0000000000000000E+000                  0.0000000000000000E+000                  0.0000000000000000E+000                  0.0000000000000000E+000                  3.6672156920814971E+000                  2.5705990799512648E+000                  1.4735213166771353E+000                  2.1899949982848810E+000                  0.0000000000000000E+000                  1.1499703265634897E+001                 -2.7465798957234711E+000                  6.1107589968669069E+000                  6.2143810966560975E-001                  8.5000496627254196E-001                  1.2966429887659308E+000                  7.0000000000000007E-001                  2.7997020236474890E-001                  3.4468833607861384E-003                  9.3805276451495428E-003                  3.4468833607861540E-003                  9.3805276451495428E-003                  3.5000000000000022E+000                  1.3998510118237459E+000                                        0                                        2 
                                      55                                      575                  1.1321901128706655E+000                 -7.2421271342826010E-001                  5.0000000000000000E+000                  3.3997475914696686E+001                 -9.8999999999999986E+001                  0.0000000000000000E+000                  9.9999980789182774E-001                  2.1285133197703601E-002                  0.0000000000000000E+000                  0.0000000000000000E+000                  9.9999980789182774E-001                  2.1285133197703601E-002                  0.0000000000000000E+000                  0.0000000000000000E+000                 -1.1355497746534789E+001                  4.4106465170973450E-012                 -1.1355497746534789E+001                 -9.8999999999999986E+001                 -9.8999999999999986E+001                 -1.1355497746534789E+001                  4.4106465170973450E-012                 -1.1355497746534789E+001                 -3.4428414026713767E+001                 -9.8999999999999986E+001                 -2.0000000000000000E+001                 -2.0000000000000000E+001                 -2.0000000000000000E+001                 -2.0000000000000000E+001                 -2.0000000000000000E+001                 -2.0000000000000000E+001                 -2.0000000000000000E+001                 -2.0000000000000000E+001                  0.0000000000000000E+000                  0.0000000000000000E+000                  0.0000000000000000E+000                  0.0000000000000000E+000                  0.0000000000000000E+000                  3.6672168156034020E+000                  2.5705841327402759E+000                  1.4735115960278302E+000                  2.1900144395834915E+000                  0.0000000000000000E+000                  1.1499741556642125E+001                 -2.7465508398680223E+000                  6.1107682539016990E+000                  6.2143809854125265E-001                  8.5000496627254196E-001                  1.2966429887659308E+000                  7.0000000000000007E-001                  2.7997020236474890E-001                  3.4468833607861384E-003                  9.3805276451495428E-003                  3.4468833607861540E-003                  9.3805276451495428E-003                  3.5000000000000022E+000                  1.3998510118237459E+000                                        0                                        2 
                                      60                                      575                  2.8173257176583335E+000                 -3.2830648319013606E-001                  5.0000000000000000E+000                  3.3997475914696686E+001                 -9.8999999999999986E+001                  0.0000000000000000E+000                  9.9999980789182774E-001                  2.1284527284480010E-002                  0.0000000000000000E+000                  0.0000000000000000E+000                  9.9999980789182774E-001                  2.1284527284480010E-002                  0.0000000000000000E+000                  0.0000000000000000E+000                 -1.1355187338709102E+001                  4.4138001113615572E-012                 -1.1355187338709102E+001                 -9.8999999999999986E+001                 -9.8999999999999986E+001                 -1.1355187338709102E+001                  4.4138001113615572E-012                 -1.1355187338709102E+001                 -3.4427360273213104E+001                 -9.8999999999999986E+001                 -2.0000000000000000E+001                 -2.0000000000000000E+001                 -2.0000000000000000E+001                 -2.0000000000000000E+001                 -2.0000000000000000E+001                 -2.0000000000000000E+001                 -2.0000000000000000E+001                 -2.0000000000000000E+001                  0.0000000000000000E+000                  0.0000000000000000E+000                  0.0000000000000000E+000                  0.0000000000000000E+000                  0.0000000000000000E+000                  3.6672196118884304E+000                  2.5705469557171661E+000                  1.4734874149462198E+000                  2.1900628017467123E+000                  0.0000000000000000E+000                  1.1499836830929018E+001                 -2.7464785442286823E+000                  6.1107912869916801E+000                  6.2143807086377545E-001                  8.5000496627254196E-001                  1.2966429887659308E+000                  7.0000000000000007E-001                  2.7997020236474890E-001                  3.4468833607861384E-003                  9.3805276451495428E-003                  3.4468833607861535E-003                  9.3805276451495428E-003                  3.5000000000000022E+000                  1.3998510118237459E+000                                        0                                        2 
                                      65                                      575                  7.0104823457635828E+000                  6.7599747047987935E-002                  5.0000000000000000E+000                  3.3997475914696686E+001                 -9.8999999999999986E+001                  0.0000000000000000E+000                  9.9999980789182774E-001                  2.1289917097970595E-002                  0.0000000000000000E+000                  0.0000000000000000E+000                  9.9999980789182774E-001                  2.1289917097970595E-002                  0.0000000000000000E+000                  0.0000000000000000E+000                 -1.1354415171751763E+001                  4.4216547408548872E-012                 -1.1354415171751763E+001                 -9.8999999999999986E+001                 -9.8999999999999986E+001                 -1.1354415171751763E+001                  4.4216547408548872E-012                 -1.1354415171751763E+001                 -3.4424739164572713E+001                 -9.8999999999999986E+001                 -2.0000000000000000E+001                 -2.0000000000000000E+001                 -2.0000000000000000E+001                 -2.0000000000000000E+001                 -2.0000000000000000E+001                 -2.0000000000000000E+001                 -2.0000000000000000E+001                 -2.0000000000000000E+001                  0.0000000000000000E+000                  0.0000000000000000E+000                  0.0000000000000000E+000                  0.0000000000000000E+000                  0.0000000000000000E+000                  3.6672265676284352E+000                  2.5704544708421384E+000                  1.4734272610286963E+000                  2.1901831095817594E+000                  0.0000000000000000E+000                  1.1500073844877642E+001                 -2.7462986915926444E+000                  6.1108485839793527E+000                  6.2143800202703348E-001                  8.5000496627254196E-001                  1.2966429887659308E+000                  7.0000000000000007E-001                  2.7997020236474890E-001                  3.4468833607861384E-003                  9.3805276451495428E-003                  3.4468833607861535E-003                  9.3805276451495428E-003                  3.5000000000000022E+000                  1.3998510118237459E+000                                        0                                        2 
                                      70                                      575                  1.7444397846610435E+001                  4.6350597728611193E-001                  5.0000000000000000E+000                  3.3997475914696686E+001                 -9.8999999999999986E+001                  0.0000000000000000E+000                  9.9999980789182774E-001                  2.1307131829786951E-002                  0.0000000000000000E+000                  0.0000000000000000E+000                  9.9999980789182774E-001                  2.1307131829786951E-002                  0.0000000000000000E+000                  0.0000000000000000E+000                 -1.1352495175844068E+001                  4.4412459468730335E-012                 -1.1352495175844068E+001                 -9.8999999999999986E+001                 -9.8999999999999986E+001                 -1.1352495175844068E+001                  4.4412459468730335E-012                 -1.1352495175844068E+001                 -3.4418223115525137E+001                 -9.8999999999999986E+001                 -2.0000000000000000E+001                 -2.0000000000000000E+001                 -2.0000000000000000E+001                 -2.0000000000000000E+001                 -2.0000000000000000E+001                 -2.0000000000000000E+001                 -2.0000000000000000E+001                 -2.0000000000000000E+001                  0.0000000000000000E+000                  0.0000000000000000E+000                  0.0000000000000000E+000                  0.0000000000000000E+000                  0.0000000000000000E+000                  3.6672438606424715E+000                  2.5702244740861735E+000                  1.4732776766226405E+000                  2.1904822783938704E+000                  0.0000000000000000E+000                  1.1500663244221373E+001                 -2.7458514223174579E+000                  6.1109910529462637E+000                  6.2143783094880423E-001                  8.5000496627254196E-001                  1.2966429887659308E+000                  7.0000000000000007E-001                  2.7997020236474890E-001                  3.4468833607861384E-003                  9.3805276451495428E-003                  3.4468833607861535E-003                  9.3805276451495428E-003                  3.5000000000000022E+000                  1.3998510118237459E+000                                        0                                        2 
                                      75                                      575                  4.3407318465677669E+001                  8.5941220752423608E-001                  5.0000000000000000E+000                  3.3997475914696686E+001                 -9.8999999999999986E+001                  0.0000000000000000E+000                  9.9999982814112087E-001                  2.1371254316348811E-002                  0.0000000000000000E+000                  0.0000000000000000E+000                  9.9999982814112087E-001                  2.1371254316348811E-002                  0.0000000000000000E+000                  0.0000000000000000E+000                 -1.1347726261783796E+001                  4.4902832579532051E-012                 -1.1347726261783796E+001                 -9.8999999999999986E+001                 -9.8999999999999986E+001                 -1.1347726261783796E+001                  4.4902832579532051E-012                 -1.1347726261783796E+001                 -3.4402042775997707E+001                 -9.8999999999999986E+001                 -2.0000000000000000E+001                 -2.0000000000000000E+001                 -2.0000000000000000E+001                 -2.0000000000000000E+001                 -2.0000000000000000E+001                 -2.0000000000000000E+001                 -2.0000000000000000E+001                 -2.0000000000000000E+001                  0.0000000000000000E+000                  0.0000000000000000E+000                  0.0000000000000000E+000                  0.0000000000000000E+000                  0.0000000000000000E+000                  3.6672867967429577E+000                  2.5696529979641629E+000                  1.4729060663606623E+000                  2.1912254989178268E+000                  0.0000000000000000E+000                  1.1502127587480866E+001                 -2.7447400913448332E+000                  6.1113449165237732E+000                  6.2143740654653068E-001                  8.5000496627254196E-001                  1.2966429887659308E+000                  7.0000000000000007E-001                  2.7997020236474890E-001                  3.4468833607861384E-003                  9.3805276451495428E-003                  3.4468833607861535E-003                  9.3805276451495428E-003                  3.5000000000000022E+000                  1.3998510118237459E+000                                        0                                        2 
                                      80                                      575                  1.0801137310051504E+002                  1.2553184377623601E+000                  5.0000000000000000E+000                  3.3997475914696686E+001                 -9.8999999999999986E+001                  0.0000000000000000E+000                  9.9999982814112087E-001                  2.1634052449097663E-002                  0.0000000000000000E+000                  0.0000000000000000E+000                  9.9999982814112087E-001                  2.1634052449097663E-002                  0.0000000000000000E+000                  0.0000000000000000E+000                 -1.1335912753598937E+001                  4.6141025900114748E-012                 -1.1335912753598937E+001                 -9.8999999999999986E+001                 -9.8999999999999986E+001                 -1.1335912753598937E+001                  4.6141025900114748E-012                 -1.1335912753598937E+001                 -3.4361982542254985E+001                 -9.8999999999999986E+001                 -2.0000000000000000E+001                 -2.0000000000000000E+001                 -2.0000000000000000E+001                 -2.0000000000000000E+001                 -2.0000000000000000E+001                 -2.0000000000000000E+001                 -2.0000000000000000E+001                 -2.0000000000000000E+001                  0.0000000000000000E+000                  0.0000000000000000E+000                  0.0000000000000000E+000                  0.0000000000000000E+000                  0.0000000000000000E+000                  3.6673930497560061E+000                  2.5682360621573630E+000                  1.4719850924311664E+000                  2.1930674467768188E+000                  0.0000000000000000E+000                  1.1505757332183331E+001                 -2.7419847298586157E+000                  6.1122214671065374E+000                  6.2143635846742440E-001                  8.5000496627254196E-001                  1.2966429887659308E+000                  7.0000000000000007E-001                  2.7997020236474890E-001                  3.4468833607861384E-003                  9.3805276451495428E-003                  3.4468833607861535E-003                  9.3805276451495428E-003                  3.5000000000000022E+000                  1.3998510118237459E+000                                        0                                        2 
                                      85                                      575                  2.6876693432947360E+002                  1.6512246680004841E+000                  5.0000000000000000E+000                  3.3997475914696686E+001                 -9.8999999999999986E+001                  0.0000000000000000E+000                  9.9999982814112087E-001                  2.2741414576911322E-002                  0.0000000000000000E+000                  0.0000000000000000E+000                  9.9999982814112087E-001                  2.2741414576911322E-002                  0.0000000000000000E+000                  0.0000000000000000E+000                 -1.1306839162579870E+001                  4.9335648067621415E-012                 -1.1306839162579870E+001                 -9.8999999999999986E+001                 -9.8999999999999986E+001                 -1.1306839162579870E+001                  4.9335648067621415E-012                 -1.1306839162579870E+001                 -3.4263514001628970E+001                 -9.8999999999999986E+001                 -2.0000000000000000E+001                 -2.0000000000000000E+001                 -2.0000000000000000E+001                 -2.0000000000000000E+001                 -2.0000000000000000E+001                 -2.0000000000000000E+001                 -2.0000000000000000E+001                 -2.0000000000000000E+001                  0.0000000000000000E+000                  0.0000000000000000E+000                  0.0000000000000000E+000                  0.0000000000000000E+000                  0.0000000000000000E+000                  3.6676537633498585E+000                  2.5647407852747439E+000                  1.4697160268021523E+000                  2.1976055780348469E+000                  0.0000000000000000E+000                  1.1514703497922335E+001                 -2.7351897432534327E+000                  6.1143783326000278E+000                  6.2143379898496465E-001                  8.5000496627254196E-001                  1.2966429887659308E+000                  7.0000000000000007E-001                  2.7997020236474890E-001                  3.4468833607861384E-003                  9.3805276451495428E-003                  3.4468833607861535E-003                  9.3805276451495428E-003                  3.5000000000000022E+000                  1.3998510118237459E+000                                        0                                        2 
                                      90                                      577                  6.6877821244671566E+002                  2.0471308982386081E+000                  5.0000000000000000E+000                  3.3997475914696686E+001                 -9.8999999999999986E+001                  0.0000000000000000E+000                  9.9999982814112087E-001                  2.5950855820101950E-002                  0.0000000000000000E+000                  0.0000000000000000E+000                  9.9999982814112087E-001                  2.5950855820101950E-002                  0.0000000000000000E+000                  0.0000000000000000E+000                 -1.1236390267346575E+001                  5.8024276322891804E-012                 -1.1236390267346575E+001                 -9.8999999999999986E+001                 -9.8999999999999986E+001                 -1.1236390267346575E+001                  5.8024276322891804E-012                 -1.1236390267346575E+001                 -3.4025596565808613E+001                 -9.8999999999999986E+001                 -2.0000000000000000E+001                 -2.0000000000000000E+001                 -2.0000000000000000E+001                 -2.0000000000000000E+001                 -2.0000000000000000E+001                 -2.0000000000000000E+001                 -2.0000000000000000E+001                 -2.0000000000000000E+001                  0.0000000000000000E+000                  0.0000000000000000E+000                  0.0000000000000000E+000                  0.0000000000000000E+000                  0.0000000000000000E+000                  3.6683539231242630E+000                  2.5565144556744497E+000                  1.4642025424531959E+000                  2.2086325467327597E+000                  0.0000000000000000E+000                  1.1536457758530080E+001                 -2.7186444562655496E+000                  6.1196030768633642E+000                  6.2142771366496818E-001                  8.5000496627254196E-001                  1.2966429887659308E+000                  7.0000000000000007E-001                  2.7997020236474890E-001                  3.4468833607861384E-003                  9.3805276451495428E-003                  3.4468833607861535E-003                  9.3805276451495428E-003                  3.5000000000000022E+000                  1.3998510118237459E+000                                        0                                        3 
                                      95                                      577                  1.6641342760114112E+003                  2.4430371284767323E+000                  5.0000000000000000E+000                  3.3997475914696686E+001                 -9.8999999999999986E+001                  0.0000000000000000E+000                  9.9999984839041400E-001                  3.5876308497030024E-002                  0.0000000000000000E+000                  0.0000000000000000E+000                  9.9999984839041400E-001                  3.5876308497030024E-002                  0.0000000000000000E+000                  0.0000000000000000E+000                 -1.1071836108770045E+001                  8.4754719565241944E-012                 -1.1071836108770045E+001                 -9.8999999999999986E+001                 -9.8999999999999986E+001                 -1.1071836108770045E+001                  8.4754719565241944E-012                 -1.1071836108770045E+001                 -3.3473475486725185E+001                 -9.8999999999999986E+001                 -2.0000000000000000E+001                 -2.0000000000000000E+001                 -2.0000000000000000E+001                 -2.0000000000000000E+001                 -2.0000000000000000E+001                 -2.0000000000000000E+001                 -2.0000000000000000E+001                 -2.0000000000000000E+001                  0.0000000000000000E+000                  0.0000000000000000E+000                  0.0000000000000000E+000                  0.0000000000000000E+000                  0.0000000000000000E+000                  3.6699063925080400E+000                  2.5368053526033445E+000                  1.4512430521500899E+000                  2.2345515273389718E+000                  0.0000000000000000E+000                  1.1587709303815213E+001                 -2.6795308590284308E+000                  6.1317899058561869E+000                  6.2141416408161521E-001                  8.5000496627254196E-001                  1.2966429887659308E+000                  7.0000000000000007E-001                  2.7997020236474890E-001                  3.4468833607861384E-003                  9.3805276451495428E-003                  3.4468833607861535E-003                  9.3805276451495428E-003                  3.5000000000000022E+000                  1.3998510118237459E+000                                        0                                        3 
                                     100                                      582                  4.1408986761007136E+003                  2.8389433587148560E+000                  5.0000000000000000E+000                  3.3997475914696686E+001                 -9.8999999999999986E+001                  0.0000000000000000E+000                  9.9999986863970736E-001                  6.3173465264144246E-002                  0.0000000000000000E+000                  0.0000000000000000E+000                  9.9999986863970736E-001                  6.3173465264144246E-002                  0.0000000000000000E+000                  0.0000000000000000E+000                 -1.0716851675250213E+001                  1.9193241362041125E-011                 -1.0716851675250213E+001                 -9.8999999999999986E+001                 -9.8999999999999986E+001                 -1.0716851675250213E+001                  1.9193241362041125E-011                 -1.0716851675250213E+001                 -3.2297779896454912E+001                 -9.8999999999999986E+001                 -2.0000000000000000E+001                 -2.0000000000000000E+001                 -2.0000000000000000E+001                 -2.0000000000000000E+001                 -2.0000000000000000E+001                 -2.0000000000000000E+001                 -2.0000000000000000E+001                 -2.0000000000000000E+001                  0.0000000000000000E+000                  0.0000000000000000E+000                  0.0000000000000000E+000                  0.0000000000000000E+000                  0.0000000000000000E+000                  3.6732332732557778E+000                  2.4933957549145140E+000                  1.4228844918101982E+000                  2.2912686480187552E+000                  0.0000000000000000E+000                  1.1700583582283006E+001                 -2.5927396242650196E+000                  6.1580361527930929E+000                  6.2138801753631023E-001                  8.5000496627254196E-001                  1.2966429887659308E+000                  7.0000000000000007E-001                  2.7997020236474890E-001                  3.4468833607861384E-003                  9.3805276451495428E-003                  3.4468833607861531E-003                  9.3805276451495428E-003                  3.5000000000000022E+000                  1.3998510118237459E+000                                        0                                        4 
                                     105                                      586                  1.0303881068130926E+004                  3.2348495889529802E+000                  5.0000000000000000E+000                  3.3997475914696686E+001                 -9.8999999999999986E+001                  0.0000000000000000E+000                  9.9999991388900000E-001                  1.3090199395444771E-001                  0.0000000000000000E+000                  0.0000000000000000E+000                  9.9999991388900000E-001                  1.3090199395444771E-001                  0.0000000000000000E+000                  0.0000000000000000E+000                 -1.0054388134810868E+001                  8.8229103261555034E-011                 -1.0054388134810868E+001                 -9.8999999999999986E+001                 -9.8999999999999986E+001                 -1.0054388134810868E+001                  8.8229103261555034E-011                 -1.0054388134810868E+001                 -3.0143409448111456E+001                 -9.8999999999999986E+001                 -2.0000000000000000E+001                 -2.0000000000000000E+001                 -2.0000000000000000E+001                 -2.0000000000000000E+001                 -2.0000000000000000E+001                 -2.0000000000000000E+001                 -2.0000000000000000E+001                 -2.0000000000000000E+001                  0.0000000000000000E+000                  0.0000000000000000E+000                  0.0000000000000000E+000                  0.0000000000000000E+000                  0.0000000000000000E+000                  3.6795582059125613E+000                  2.4100099267137018E+000                  1.3685417123962258E+000                  2.3999542068466999E+000                  0.0000000000000000E+000                  1.1921047908680258E+001                 -2.4212380195571543E+000                  6.2074756467299022E+000                  6.2134868415886424E-001                  8.5000496627254196E-001                  1.2966429887659308E+000                  7.0000000000000007E-001                  2.7997020236474890E-001                  3.4468833607861384E-003                  9.3805276451495428E-003                  3.4468833607861531E-003                  9.3805276451495428E-003                  3.5000000000000022E+000                  1.3998510118237459E+000                                        0                                        4 
                                     110                                      595                  2.3041274565394076E+004                  3.4730784459363724E+000                  5.0000000000000000E+000                  3.3997475914696686E+001                 -9.8999999999999986E+001                  0.0000000000000000E+000                  9.9999995138899966E-001                  2.6210868984048497E-001                  0.0000000000000000E+000                  0.0000000000000000E+000                  9.9999995138899966E-001                  2.6210868984048497E-001                  0.0000000000000000E+000                  0.0000000000000000E+000                 -9.1715425897661298E+000                  6.7368582617914027E-010                 -9.1715425897661298E+000                 -9.8999999999999986E+001                 -9.8999999999999986E+001                 -9.1715425897661298E+000                  6.7368582617914027E-010                 -9.1715425897661298E+000                 -2.7304753364096946E+001                 -9.8999999999999986E+001                 -2.0000000000000000E+001                 -2.0000000000000000E+001                 -2.0000000000000000E+001                 -2.0000000000000000E+001                 -2.0000000000000000E+001                 -2.0000000000000000E+001                 -2.0000000000000000E+001                 -2.0000000000000000E+001                  0.0000000000000000E+000                  0.0000000000000000E+000                  0.0000000000000000E+000                  0.0000000000000000E+000                  0.0000000000000000E+000                  3.6883440945143429E+000                  2.2966131378018924E+000                  1.2942715407367580E+000                  2.5484945501656355E+000                  0.0000000000000000E+000                  1.2237104974873365E+001                 -2.1726265671528453E+000                  6.2757767785830749E+000                  6.2130749987722567E-001                  8.5000496627254196E-001                  1.2966429887659314E+000                  6.9999999999999973E-001                  2.7997020236474890E-001                  3.4468833607861379E-003                  9.3805276451495428E-003                  3.4468833607861522E-003                  9.3805276451495428E-003                  3.5000000000000009E+000                  1.3998510118237459E+000                                        0                                        5 
                                     115                                      602                  4.2870840231509246E+004                  3.6706541016018770E+000                  5.0000000000000000E+000                  3.3997475914696686E+001                 -9.8999999999999986E+001                  0.0000000000000000E+000                  9.9999997170149979E-001                  4.1691239539277719E-001                  0.0000000000000000E+000                  0.0000000000000000E+000                  9.9999997170149979E-001                  4.1691239539277719E-001                  0.0000000000000000E+000                  0.0000000000000000E+000                 -8.3177328550644383E+000                  4.8113521523532228E-009                 -8.3177328550644383E+000                 -9.8999999999999986E+001                 -9.8999999999999986E+001                 -8.3177328550644383E+000                  4.8113521523532228E-009                 -8.3177328550644383E+000                 -2.4561999737816247E+001                 -9.8999999999999986E+001                 -2.0000000000000000E+001                 -2.0000000000000000E+001                 -2.0000000000000000E+001                 -2.0000000000000000E+001                 -2.0000000000000000E+001                 -2.0000000000000000E+001                 -2.0000000000000000E+001                 -2.0000000000000000E+001                  0.0000000000000000E+000                  0.0000000000000000E+000                  0.0000000000000000E+000                  0.0000000000000000E+000                  0.0000000000000000E+000                  3.6966902236941199E+000                  2.1881567682727097E+000                  1.2233510976126125E+000                  2.6903354364139265E+000                  0.0000000000000000E+000                  1.2565797708275289E+001                 -1.9126273021816562E+000                  6.3453797126826350E+000                  6.2126975955919073E-001                  8.5000496627254030E-001                  1.2966429887659359E+000                  6.9999999999999540E-001                  2.7997020236474890E-001                  3.4468833607861366E-003                  9.3805276451495428E-003                  3.4468833607861522E-003                  9.3805276451495428E-003                  3.5000000000000000E+000                  1.3998510118237459E+000                                        0                                        4 
                                     120                                      614                  7.0821940828774357E+004                  3.8236872286610328E+000                  5.0000000000000000E+000                  3.3997475914696686E+001                 -9.8999999999999986E+001                  0.0000000000000000E+000                  9.9999998263899992E-001                  5.7271221554717167E-001                  0.0000000000000000E+000                  0.0000000000000000E+000                  9.9999998263899992E-001                  5.7271221554717167E-001                  0.0000000000000000E+000                  0.0000000000000000E+000                 -7.5290243308718052E+000                  2.9578467517909162E-008                 -7.5290243308718052E+000                 -9.8999999999999986E+001                 -9.8999999999999986E+001                 -7.5290243308718052E+000                  2.9578467517909162E-008                 -7.5290243308718061E+000                 -2.2024192527682267E+001                 -9.8999999999999986E+001                 -2.0000000000000000E+001                 -2.0000000000000000E+001                 -2.0000000000000000E+001                 -2.0000000000000000E+001                 -2.0000000000000000E+001                 -2.0000000000000000E+001                 -2.0000000000000000E+001                 -2.0000000000000000E+001                  0.0000000000000000E+000                  0.0000000000000000E+000                  0.0000000000000000E+000                  0.0000000000000000E+000                  0.0000000000000000E+000                  3.7045889137520596E+000                  2.0984082501161536E+000                  1.1626794584184554E+000                  2.8116787148022411E+000                  0.0000000000000000E+000                  1.2885506052412490E+001                 -1.6598147294927790E+000                  6.4130700963295872E+000                  6.2123869469394699E-001                  8.5000496627252808E-001                  1.2966429887659774E+000                  6.9999999999995866E-001                  2.7997020236474890E-001                  3.4468833607861366E-003                  9.3805276451495428E-003                  3.4468833607861522E-003                  9.3805276451495428E-003                  3.4999999999999853E+000                  1.3998510118237459E+000                                        0                                        4 
                                     125                                      621                  1.1180036861169798E+005                  3.9369600399820910E+000                  5.0000000000000000E+000                  3.3997475914696686E+001                 -9.8999999999999986E+001                  0.0000000000000000E+000                  9.9999998951399982E-001                  7.3271534458893561E-001                  0.0000000000000000E+000                  0.0000000000000000E+000                  9.9999998951399982E-001                  7.3271534458893561E-001                  0.0000000000000000E+000                  0.0000000000000000E+000                 -6.7279965955353420E+000                  1.8706968048307213E-007                 -6.7279965955353420E+000                 -9.8999999999999986E+001                 -2.2276219679134606E+001                 -6.7279965955353420E+000                  1.8706968048307213E-007                 -6.7279965955354211E+000                 -1.9468533872814746E+001                 -9.8999999999999986E+001                 -2.0000000000000000E+001                 -2.0000000000000000E+001                 -2.0000000000000000E+001                 -2.0000000000000000E+001                 -2.0000000000000000E+001                 -2.0000000000000000E+001                 -2.0000000000000000E+001                 -2.0000000000000000E+001                  0.0000000000000000E+000                  0.0000000000000000E+000                  0.0000000000000000E+000                  0.0000000000000000E+000                  0.0000000000000000E+000                  3.7130148881936451E+000                  2.0297389641451113E+000                  1.1114928665497636E+000                  2.9140518985396242E+000                  0.0000000000000000E+000                  1.3222431514867651E+001                 -1.3932632884750416E+000                  6.4842057371895665E+000                  6.2121026088450060E-001                  8.5000496627241906E-001                  1.2966429887663442E+000                  6.9999999999963147E-001                  2.7997020236474890E-001                  3.4468833607861366E-003                  9.3805276451495428E-003                  3.4468833607861514E-003                  9.3805276451495445E-003                  3.4999999999998619E+000                  1.3998510118237459E+000                                        0                                        4 
                                     130                                      631                  1.6381315174123013E+005                  4.0200275061342285E+000                  5.0000000000000000E+000                  3.3997475914696686E+001                 -9.8999999999999986E+001                  0.0000000000000000E+000                  9.9999999263899975E-001                  8.7176655449110618E-001                  0.0000000000000000E+000                  0.0000000000000000E+000                  9.9999999263899975E-001                  8.7176655449110618E-001                  0.0000000000000000E+000                  0.0000000000000000E+000                 -5.9644601306856249E+000                  1.0852751760220863E-006                 -5.9644601306856249E+000                 -9.8999999999999986E+001                 -2.1674159687806643E+001                 -5.9644601306856249E+000                  1.0852751760220863E-006                 -5.9644601306890443E+000                 -1.7068325949440922E+001                 -9.8999999999999986E+001                 -2.0000000000000000E+001                 -2.0000000000000000E+001                 -2.0000000000000000E+001                 -2.0000000000000000E+001                 -2.0000000000000000E+001                 -2.0000000000000000E+001                 -2.0000000000000000E+001                 -2.0000000000000000E+001                  0.0000000000000000E+000                  0.0000000000000000E+000                  0.0000000000000000E+000                  0.0000000000000000E+000                  0.0000000000000000E+000                  3.7222689900832453E+000                  2.0086317321082006E+000                  1.0824310467521077E+000                  2.9721755381349362E+000                  0.0000000000000000E+000                  1.3554178684381668E+001                 -1.1306248706068018E+000                  6.5539949014943248E+000                  6.2118344126785607E-001                  8.5000496627164102E-001                  1.2966429887689610E+000                  6.9999999999729667E-001                  2.7997020236474890E-001                  3.4468833607861358E-003                  9.3805276451495428E-003                  3.4468833607861453E-003                  9.3805276451495428E-003                  3.4999999999989417E+000                  1.3998510118237459E+000                                        0                                        4 
                                     135                                      631                  2.2818252612214733E+005                  4.0730934926129496E+000                  5.0000000000000000E+000                  3.3997475914696686E+001                 -9.8999999999999986E+001                  0.0000000000000000E+000                  9.9999999388899974E-001                  9.7271922033180680E-001                  0.0000000000000000E+000                  0.0000000000000000E+000                  9.9999999388899974E-001                  9.7271922033180680E-001                  0.0000000000000000E+000                  0.0000000000000000E+000                 -5.1569987360953000E+000                  6.9662854146972135E-006                 -5.1569987360953009E+000                 -9.8999999999999986E+001                 -2.0470039705150718E+001                 -5.1569987360953000E+000                  6.9662854146972135E-006                 -5.1569987362684602E+000                 -1.4556337445018110E+001                 -9.8999999999999986E+001                 -2.0000000000000000E+001                 -2.0000000000000000E+001                 -2.0000000000000000E+001                 -2.0000000000000000E+001                 -2.0000000000000000E+001                 -2.0000000000000000E+001                 -2.0000000000000000E+001                 -2.0000000000000000E+001                  0.0000000000000000E+000                  0.0000000000000000E+000                  0.0000000000000000E+000                  0.0000000000000000E+000                  0.0000000000000000E+000                  3.7360255581028325E+000                  2.0722400603247535E+000                  1.0867220748212087E+000                  2.9635934819967340E+000                  0.0000000000000000E+000                  1.3912842967886839E+001                 -8.4838821476230553E-001                  6.6310056236807204E+000                  6.2116241657241245E-001                  8.5000496626606259E-001                  1.2966429887877182E+000                  6.9999999998056184E-001                  2.7997020236474890E-001                  3.4468833607861358E-003                  9.3805276451495428E-003                  3.4468833607861457E-003                  9.3805276451495428E-003                  3.4999999999919966E+000                  1.3998510118237459E+000                                        0                                        5 
                                     140                                      638                  2.9167433607196418E+005                  4.1096463319491692E+000                  5.0000000000000000E+000                  3.3997475914696686E+001                 -9.8999999999999986E+001                  0.0000000000000000E+000                  9.9999999576399989E-001                  9.9815169424569683E-001                  0.0000000000000000E+000                  0.0000000000000000E+000                  9.9999999576399989E-001                  9.9815169424569683E-001                  0.0000000000000000E+000                  0.0000000000000000E+000                 -4.4027291846745484E+000                  3.9561323782361981E-005                 -4.4027291846745484E+000                 -9.8999999999999986E+001                 -1.9691888454767074E+001                 -4.4027291846745484E+000                  3.9561323782361981E-005                 -4.4027291913646991E+000                 -1.2215077607191684E+001                 -9.8999999999999986E+001                 -2.0000000000000000E+001                 -2.0000000000000000E+001                 -2.0000000000000000E+001                 -2.0000000000000000E+001                 -2.0000000000000000E+001                 -2.0000000000000000E+001                 -2.0000000000000000E+001                 -2.0000000000000000E+001                  0.0000000000000000E+000                  0.0000000000000000E+000                  0.0000000000000000E+000                  0.0000000000000000E+000                  0.0000000000000000E+000                  3.7544025806492627E+000                  2.1546824235819897E+000                  1.0911892113569672E+000                  2.9546592089252175E+000                  0.0000000000000000E+000                  1.4257707265927795E+001                 -5.7939825014341539E-001                  6.7072873884618867E+000                  6.2114812138261444E-001                  8.5000496623528288E-001                  1.2966429888912172E+000                  6.9999999988822281E-001                  2.7997020236474895E-001                  3.4468833607861271E-003                  9.3805276451495445E-003                  3.4468833607861410E-003                  9.3805276451495410E-003                  3.4999999999516831E+000                  1.3998510118237459E+000                                        0                                        5 
                                     145                                      686                  3.5162618218978081E+005                  4.0700695694530618E+000                  5.0000000000000000E+000                  3.3997475914696686E+001                 -9.8999999999999986E+001                  0.0000000000000000E+000                  9.9999999779524995E-001                  9.9999867064359560E-001                  0.0000000000000000E+000                  0.0000000000000000E+000                  9.9999999779524995E-001                  9.9999867064359560E-001                  0.0000000000000000E+000                  0.0000000000000000E+000                 -3.7073109779779734E+000                  1.9619549095354315E-004                 -3.7073109779779734E+000                 -9.8999999999999986E+001                 -1.9566949718158774E+001                 -3.7073109779779734E+000                  1.9619549095354315E-004                 -3.7073111711759719E+000                 -1.0059092762149746E+001                 -9.8999999999999986E+001                 -2.0000000000000000E+001                 -2.0000000000000000E+001                 -2.0000000000000000E+001                 -2.0000000000000000E+001                 -2.0000000000000000E+001                 -2.0000000000000000E+001                 -2.0000000000000000E+001                 -2.0000000000000000E+001                  0.0000000000000000E+000                  0.0000000000000000E+000                  0.0000000000000000E+000                  0.0000000000000000E+000                  0.0000000000000000E+000                  3.7885448122687162E+000                  2.2437742930470574E+000                  1.0674506828505934E+000                  3.0021362659379647E+000                  0.0000000000000000E+000                  1.4588423394361064E+001                 -3.2293129611895954E-001                  6.7818340268975623E+000                  6.2113777551760230E-001                  8.5000496609209730E-001                  1.2966429893726874E+000                  6.9999999945866687E-001                  2.7997020236474945E-001                  3.4468833607850437E-003                  9.3805276451495445E-003                  3.4468833607861384E-003                  9.3805276451495393E-003                  3.4999999997579261E+000                  1.3998510118237459E+000                                        0                                        8 
                                     150                                      709                  3.9595836679267627E+005                  3.7171013313865302E+000                  5.0000000000000000E+000                  3.3997475914696686E+001                 -9.8999999999999986E+001                  0.0000000000000000E+000                  9.9999994201399844E-001                  9.9999981623197032E-001                  9.9999999951400009E-001                  9.9999999218555691E-001                  9.9999994201399844E-001                  9.9999981623197032E-001                  9.9999999951400009E-001                  9.9999999218555691E-001                 -3.1796984199276159E+000                  6.6115240197513409E-004                 -3.1796984199276159E+000                 -9.8999999999999986E+001                 -9.8999999999999986E+001                 -3.1796984199276159E+000                  6.6115240197513409E-004                 -3.1797008914353211E+000                 -8.4245219982356829E+000                 -9.8999999999999986E+001                 -2.0000000000000000E+001                 -2.0000000000000000E+001                 -2.0000000000000000E+001                 -2.0000000000000000E+001                 -2.0000000000000000E+001                 -2.0000000000000000E+001                 -2.0000000000000000E+001                 -2.0000000000000000E+001                  0.0000000000000000E+000                  0.0000000000000000E+000                  0.0000000000000000E+000                  0.0000000000000000E+000                  0.0000000000000000E+000                  3.8327218883849832E+000                  2.3330240838866274E+000                  1.0237214260378444E+000                  3.0895947795634626E+000                  0.0000000000000000E+000                  1.4845770475356399E+001                 -1.2497284387831382E-001                  6.8413746130905393E+000                  6.2113125613071651E-001                  8.5000496569959672E-001                  1.2966429906924903E+000                  6.9999999828117576E-001                  2.7997020236476461E-001                  3.4468833607475659E-003                  9.3805276451495497E-003                  3.4468833607861405E-003                  9.3805276451495393E-003                  3.4999999992161523E+000                  1.3998510118237473E+000                                        1                                        5 
                                     155                                      714                  4.3846742653416208E+005                  3.9771299048476298E+000                  5.0000000000000000E+000                  3.3997475914696686E+001                 -9.8999999999999986E+001                  0.0000000000000000E+000                  9.9999996388899981E-001                  9.9999989298299863E-001                  9.9999999996712496E-001                  9.9999999737037382E-001                  9.9999996388899981E-001                  9.9999989298299863E-001                  9.9999999996712496E-001                  9.9999999737037382E-001                 -2.6446434055814616E+000                  2.2665045457116693E-003                 -2.6446434055814612E+000                 -9.8999999999999986E+001                 -9.8999999999999986E+001                 -2.6446434055814616E+000                  2.2665045457116693E-003                 -2.6446762649919568E+000                 -6.7657843786422864E+000                 -9.8999999999999986E+001                 -2.0000000000000000E+001                 -2.0000000000000000E+001                 -2.0000000000000000E+001                 -2.0000000000000000E+001                 -2.0000000000000000E+001                 -2.0000000000000000E+001                 -2.0000000000000000E+001                 -2.0000000000000000E+001                  0.0000000000000000E+000                  0.0000000000000000E+000                  0.0000000000000000E+000                  0.0000000000000000E+000                  0.0000000000000000E+000                  3.8809387742420367E+000                  2.4356746460144514E+000                  9.7861293538765004E-001                  3.1798117608638519E+000                  0.0000000000000000E+000                  1.5109986018877265E+001                  7.5892142843813626E-002                  6.9047817910409650E+000                  6.2112567317719392E-001                  8.5000496443854301E-001                  1.2966429949326681E+000                  6.9999999449839256E-001                  2.7997020236523773E-001                  3.4468833590517054E-003                  9.3805276451498186E-003                  3.4468833607861405E-003                  9.3805276451495376E-003                  3.4999999974410247E+000                  1.3998510118238070E+000                                        1                                        5 
                                     160                                      727                  4.8049980633601383E+005                  3.8981067947227737E+000                  5.0000000000000000E+000                  3.3997475914696686E+001                 -9.8999999999999986E+001                  0.0000000000000000E+000                  9.9999998107649923E-001                  9.9999994368293454E-001                  1.0000000000000000E+000                  9.9999999878619250E-001                  9.9999998107649923E-001                  9.9999994368293454E-001                  1.0000000000000000E+000                  9.9999999878619250E-001                 -2.0795980912921053E+000                  8.3253386569619222E-003                 -2.0795980912921053E+000                 -9.8999999999999986E+001                 -9.8999999999999986E+001                 -2.0795980912921053E+000                  8.3253386569619222E-003                 -2.0800954616052061E+000                 -5.0209512043548745E+000                 -9.8999999999999986E+001                 -2.0000000000000000E+001                 -2.0000000000000000E+001                 -2.0000000000000000E+001                 -2.0000000000000000E+001                 -2.0000000000000000E+001                 -2.0000000000000000E+001                 -2.0000000000000000E+001                 -2.0000000000000000E+001                  0.0000000000000000E+000                  0.0000000000000000E+000                  0.0000000000000000E+000                  0.0000000000000000E+000                  0.0000000000000000E+000                  3.9347677889920369E+000                  2.5509267102477313E+000                  9.2858093800428976E-001                  3.2798757556305724E+000                  0.0000000000000000E+000                  1.5392556973958749E+001                  2.8830173181184476E-001                  6.9749057930156306E+000                  6.2112094428501263E-001                  8.5000496010897186E-001                  1.2966430094844075E+000                  6.9999998152455645E-001                  2.7997020238124787E-001                  3.4468832765976081E-003                  9.3805276451686681E-003                  3.4468833607861405E-003                  9.3805276451495376E-003                  3.4999999911997168E+000                  1.3998510118259198E+000                                        1                                        5 
                                     165                                      743                  5.1744841536482051E+005                  3.8505092944641381E+000                  5.0000000000000000E+000                  3.3997475914696686E+001                 -9.8999999999999986E+001                  0.0000000000000000E+000                  9.9999998982649985E-001                  9.9999996970246363E-001                  9.9999999975423415E-001                  9.9999999937212081E-001                  9.9999998982649985E-001                  9.9999996970246363E-001                  9.9999999975423415E-001                  9.9999999937212081E-001                 -1.5464685640833369E+000                  2.8413938486315345E-002                 -1.5464685640833371E+000                 -5.3969948203756339E+001                 -1.6857679757182947E+001                 -1.5464685640833369E+000                  2.8413938486315345E-002                 -1.5525157416927011E+000                 -3.4057202314957551E+000                 -5.3969948203756339E+001                 -2.0000000000000000E+001                 -2.0000000000000000E+001                 -2.0000000000000000E+001                 -2.0000000000000000E+001                 -2.0000000000000000E+001                 -2.0000000000000000E+001                 -2.0000000000000000E+001                 -2.0000000000000000E+001                  0.0000000000000000E+000                  0.0000000000000000E+000                  0.0000000000000000E+000                  0.0000000000000000E+000                  0.0000000000000000E+000                  3.9873604405978145E+000                  2.6574209474526986E+000                  8.7664275339521758E-001                  3.3837521248487166E+000                  0.0000000000000000E+000                  1.5659614319458088E+001                  4.8680597079959403E-001                  7.0433316991285437E+000                  6.2111744080731179E-001                  8.5000494713260477E-001                  1.2966430529424291E+000                  6.9999994305686075E-001                  2.7997020279967660E-001                  3.4468802502577211E-003                  9.3805276451241239E-003                  3.4468833607861397E-003                  9.3805276451495376E-003                  3.4999999722409072E+000                  1.3998510118833418E+000                                        1                                        4 
                                     170                                      745                  5.5122376785243291E+005                  3.8176226624055274E+000                  5.0000000000000000E+000                  3.3997475914696686E+001                 -9.8999999999999986E+001                  0.0000000000000000E+000                  9.9999999467024991E-001                  9.9999998395771095E-001                  9.9999999987025012E-001                  9.9999999968787545E-001                  9.9999999467024991E-001                  9.9999998395771095E-001                  9.9999999987025012E-001                  9.9999999968787545E-001                 -9.7723699886424098E-001                  1.0538116638327209E-001                 -9.7723699886424076E-001                 -4.9937742528916232E+001                 -9.8999999999999986E+001                 -9.7723699886424098E-001                  1.0538116638327209E-001                 -1.0346724986850124E+000                 -1.8842422075759757E+000                 -4.9937742528916232E+001                 -2.0000000000000000E+001                 -2.0000000000000000E+001                 -2.0000000000000000E+001                 -2.0000000000000000E+001                 -2.0000000000000000E+001                 -2.0000000000000000E+001                 -2.0000000000000000E+001                 -2.0000000000000000E+001                  0.0000000000000000E+000                  0.0000000000000000E+000                  0.0000000000000000E+000                  0.0000000000000000E+000                  0.0000000000000000E+000                  4.0390496879283395E+000                  2.7516370667824988E+000                  8.2037231839906688E-001                  3.4962929948410180E+000                  0.0000000000000000E+000                  1.5916384367519383E+001                  6.7551485320507576E-001                  7.1111792161142136E+000                  6.2111456290127476E-001                  8.5000490314216404E-001                  1.2966431969613106E+000                  6.9999982340726929E-001                  2.7997021208285361E-001                  3.4467880855096498E-003                  9.3805276410532101E-003                  3.4468833607861397E-003                  9.3805276451495376E-003                  3.4999999154057972E+000                  1.3998510132058537E+000                                        1                                        3 
                                     175                                      764                  5.8321912711686234E+005                  3.8006445522302563E+000                  5.0000000000000000E+000                  3.3997475914696686E+001                 -9.8999999999999986E+001                  0.0000000000000000E+000                  9.9999999735579681E-001                  9.9999999174082643E-001                  9.9999999993978161E-001                  9.9999999985644139E-001                  9.9999999735579681E-001                  9.9999999174082643E-001                  9.9999999993978161E-001                  9.9999999985644139E-001                 -1.3976809783176855E-001                  7.2482289368402053E-001                 -1.3976809783176855E-001                 -4.6138316118452337E+001                 -9.8999999999999986E+001                 -1.3976809783176855E-001                  7.2482289368402053E-001                 -4.3760114459563304E-001                 -4.4401875055545192E-001                 -4.6138316118452337E+001                 -2.0000000000000000E+001                 -2.0000000000000000E+001                 -2.0000000000000000E+001                 -2.0000000000000000E+001                 -2.0000000000000000E+001                 -2.0000000000000000E+001                 -2.0000000000000000E+001                 -2.0000000000000000E+001                  0.0000000000000000E+000                  0.0000000000000000E+000                  0.0000000000000000E+000                  0.0000000000000000E+000                  0.0000000000000000E+000                  4.0897745696578474E+000                  2.8313134817600485E+000                  7.5876076242882684E-001                  3.6195161067814983E+000                  0.0000000000000000E+000                  1.6164387216586338E+001                  8.5618440893049841E-001                  7.1782294360258154E+000                  6.2111201061935695E-001                  8.5000460073271422E-001                  1.2966441393655195E+000                  6.9999920195103216E-001                  2.7997038925358586E-001                  3.4444217006616407E-003                  9.3805274491957896E-003                  3.4468833607861397E-003                  9.3805276451495376E-003                  3.4999997149511772E+000                  1.3998510398656405E+000                                        1                                        3 
                                     180                                      800                  6.1842787525677995E+005                  3.8570466228593352E+000                  5.0000000000000000E+000                  3.3997475914696686E+001                 -9.8999999999999986E+001                  0.0000000000000000E+000                  9.9999999876302348E-001                  9.9999999614719992E-001                  9.9999999997509381E-001                  9.9999999995033062E-001                  9.9999999876302348E-001                  9.9999999614719992E-001                  9.9999999997509381E-001                  9.9999999995033062E-001                  1.1758029045773806E+000                  1.4990043894748682E+001                  1.1758029045773803E+000                 -4.2111295978769625E+001                 -1.4750469787535078E+001                  1.1758029045773806E+000                  1.4990043894748682E+001                  4.9978425593358483E-001                  1.0729603957810046E+000                 -4.2111295978769625E+001                  0.0000000000000000E+000                 -2.0000000000000000E+001                 -2.0000000000000000E+001                  3.7888841955188030E+032                 -2.0000000000000000E+001                 -2.0000000000000000E+001                 -2.0000000000000000E+001                 -2.0000000000000000E+001                  0.0000000000000000E+000                  0.0000000000000000E+000                  0.0000000000000000E+000                  0.0000000000000000E+000                  0.0000000000000000E+000                  4.1445608615925833E+000                  2.8980561445874216E+000                  6.8255950997304082E-001                  3.7719186116930703E+000                  0.0000000000000000E+000                  1.6430736677110620E+001                  1.0454072478558043E+000                  7.2548441279650699E+000                  6.2111568729488253E-001                  8.4999721964018293E-001                  1.2966673635233272E+000                  6.9998584630658356E-001                  2.7997418566552312E-001                  3.3617387619344200E-003                  9.3805143657105326E-003                  3.4468833607861405E-003                  9.3805276451495376E-003                  3.4999975400947805E+000                  1.3998517000508577E+000                                        1                                        3 
                                     185                                      834                  6.5800533730222238E+005                  3.9733097591616424E+000                  5.0000000000000000E+000                  3.3997475914696686E+001                 -9.8999999999999986E+001                  2.2818577670767126E-001                  4.3686805856014033E-002                  7.8184296118874452E-008                  9.9999999945540630E-001                  9.9999999828170083E-001                  4.3686805856014033E-002                  7.8184296118874452E-008                  9.9999999945540630E-001                  9.9999999828170083E-001                  2.4432646347268947E+000                  2.7750105255261451E+002                  2.4432646347268947E+000                 -3.8073262708794793E+001                 -9.8999999999999986E+001                  2.4432646347268947E+000                  2.7750105255261451E+002                  1.2465298258734951E+000                  2.4147390721291697E+000                 -3.8073262708794793E+001                  0.0000000000000000E+000                  0.0000000000000000E+000                  3.2551266147404901E+032                  1.6947593521627688E+033                 -2.0000000000000000E+001                 -2.0000000000000000E+001                 -2.0000000000000000E+001                 -2.0000000000000000E+001                  0.0000000000000000E+000                  0.0000000000000000E+000                  0.0000000000000000E+000                  0.0000000000000000E+000                  0.0000000000000000E+000                  4.1916642329927800E+000                  2.9140393292708984E+000                  5.9634435951438536E-001                  3.9443489126103812E+000                  0.0000000000000000E+000                  1.6629927623162025E+001                  1.1545174336261190E+000                  7.3420039972624584E+000                  6.1968902712356289E-001                  8.4991497069883859E-001                  1.2969378752427603E+000                  6.9982631981965882E-001                  2.7998875161613068E-001                  2.4022358803334879E-003                  9.3801749791206264E-003                  3.4468833607861405E-003                  9.3805276451495376E-003                  3.4999425961422630E+000                  1.3998592068653688E+000                                        1                                        5 
                                     190                                      866                  7.4198175171299593E+005                  4.3692159893997662E+000                  5.0000000000000000E+000                  3.3997475914696686E+001                 -9.8999999999999986E+001                  1.1679774883304250E+000                  2.3327606694608072E-001                  7.8184295896829847E-008                  9.9999999972591358E-001                  9.9999999914389381E-001                  2.3327606694608072E-001                  7.8184295896829847E-008                  9.9999999972591358E-001                  9.9999999914389381E-001                  2.6538434586594759E+000                  4.5065423705224180E+002                  2.6538434586594759E+000                 -3.6495757816449867E+001                 -9.8999999999999986E+001                  2.6538434586594759E+000                  4.5065423705224180E+002                  1.2071573142976992E+000                  2.6380317043301069E+000                 -3.6495757816449867E+001                  0.0000000000000000E+000                  0.0000000000000000E+000                  5.4264499918314539E+032                  1.8545029670427022E+033                  2.3821120464318329E+033                 -2.0000000000000000E+001                 -2.0000000000000000E+001                  2.4043399766091418E+033                  0.0000000000000000E+000                  0.0000000000000000E+000                  0.0000000000000000E+000                  0.0000000000000000E+000                  0.0000000000000000E+000                  4.1970377516655404E+000                  2.7531583572543035E+000                  5.0515683616056850E-001                  4.1267239593180145E+000                  0.0000000000000000E+000                  1.6670184385306673E+001                  1.1561650675566815E+000                  7.3773531871587608E+000                  6.1740051616389346E-001                  8.4979100492650761E-001                  1.2973472839490834E+000                  6.9958020512012131E-001                  2.8000718917602613E-001                  1.0024001804498589E-003                  9.3787487794010568E-003                  3.4468833607861405E-003                  9.3805276451495376E-003                  3.4994983927602288E+000                  1.3998961845974351E+000                                        1                                        5 
                                     195                                      897                  9.0509682468309521E+005                  4.5581807235236758E+000                  5.0000000000000000E+000                  3.3997475914696686E+001                 -9.8999999999999986E+001                  8.4059401127140310E-001                  1.6742030198504676E-001                  7.8184295785807545E-008                  9.9999999986595289E-001                  9.9999999957186581E-001                  1.6742030198504676E-001                  7.8184295785807545E-008                  9.9999999986595289E-001                  9.9999999957186581E-001                  2.7249865041850776E+000                  5.3086794711398261E+002                  2.7249865041850776E+000                 -3.3750524856202624E+001                 -9.8999999999999986E+001                  2.7249865041850776E+000                  5.3086794711398261E+002                  1.3732464001342253E+000                  2.7052218576185370E+000                 -3.3750524856202624E+001                  0.0000000000000000E+000                  0.0000000000000000E+000                  5.5103602865134952E+032                  3.6534610723560234E+033                 -2.0000000000000000E+001                 -2.0000000000000000E+001                 -2.0000000000000000E+001                 -2.0000000000000000E+001                  0.0000000000000000E+000                  0.0000000000000000E+000                  0.0000000000000000E+000                  0.0000000000000000E+000                  0.0000000000000000E+000                  4.2352308475994054E+000                  2.7647471162770980E+000                  4.3456502380423417E-001                  4.2679075840306835E+000                  0.0000000000000000E+000                  1.6892012659225578E+001                  1.3217790417067758E+000                  7.4334113840938523E+000                  6.1738685880450583E-001                  8.4946010523796744E-001                  1.2982462928271925E+000                  6.9891991305163748E-001                  2.8051932398211288E-001                  4.3426362979181936E-005                  9.3215505282633511E-003                  3.4468833607861405E-003                  9.3805276451495376E-003                  3.4987984509446362E+000                  1.4003616174710007E+000                                        1                                        5 
                                     197                                      893                  1.0005487406857109E+006                  4.7165432156189251E+000                  5.0000000000000000E+000                  3.3997475914696686E+001                 -9.8999999999999986E+001                  1.0045840192920328E+000                  1.9697522793585631E-001                  7.8184295785807545E-008                  9.9999999987435129E-001                  9.9999999960932184E-001                  1.9697522793585631E-001                  7.8184295785807545E-008                  9.9999999987435129E-001                  9.9999999960932184E-001                  2.7352278486980146E+000                  5.4353541767543516E+002                  2.7352278486980146E+000                 -3.3681064538383083E+001                 -9.8999999999999986E+001                  2.7352278486980146E+000                  5.4353541767543516E+002                  1.3510624524879264E+000                  2.7169155487780872E+000                 -3.3681064538383083E+001                  0.0000000000000000E+000                  0.0000000000000000E+000                  5.7966656974030260E+032                  1.9491968518545860E+033                  2.0378357490489872E+033                 -2.0000000000000000E+001                 -2.0000000000000000E+001                  3.6317059167077767E+033                  0.0000000000000000E+000                  0.0000000000000000E+000                  0.0000000000000000E+000                  0.0000000000000000E+000                  0.0000000000000000E+000                  4.2323519765460045E+000                  2.7361173875395002E+000                  4.2600790154223717E-001                  4.2850218285546768E+000                  0.0000000000000000E+000                  1.6889123056149430E+001                  1.3172841644205113E+000                  7.4349834471429590E+000                  6.1757215816188193E-001                  8.4926513512382384E-001                  1.2987369785843739E+000                  6.9852996947397517E-001                  2.8091499868099146E-001                  4.3862378920507812E-005                  9.2762025281277159E-003                  3.4468833607861405E-003                  9.3805276451495376E-003                  3.4982634335629261E+000                  1.4008448598223548E+000                                        1                                        5 
