                                       1                                        2                                        3                                        4                                        5                                        6                                        7                                        8                                        9                                       10                                       11                                       12                                       13                                       14                                       15                                       16                                       17                                       18                                       19                                       20                                       21                                       22                                       23                                       24                                       25                                       26                                       27                                       28                                       29                                       30                                       31                                       32                                       33                                       34                                       35                                       36                                       37                                       38                                       39                                       40                                       41                                       42                                       43                                       44                                       45                                       46                                       47                                       48                                       49 
                            model_number                                num_zones                             initial_mass                                initial_z                                 star_age                                time_step                                     Teff                            photosphere_L                            photosphere_r                               center_eta                                center_h1                               center_he3                               center_he4                               center_c12                               center_n14                               center_o16                              center_ne20                                star_mass                                star_mdot                             star_mass_h1                            star_mass_he3                            star_mass_he4                            star_mass_c12                            star_mass_n14                            star_mass_o16                           star_mass_ne20                             he_core_mass                             co_core_mass                             fe_core_mass                   neutron_rich_core_mass                             dynamic_time                             kh_timescale                            nuc_timescale                           power_nuc_burn                             power_h_burn                            power_he_burn                                power_neu                                burn_min1                                burn_min2                             time_seconds                           version_number                                 compiler                                    build                         MESA_SDK_version                             math_backend                                     date                                     msun                                     rsun                                     lsun 
                                     197                                      893                  5.0000000000000000E+000                  2.0000000000000000E-002                  1.0005487406857109E+006                  5.2064681455972153E+004                  1.7074656540849162E+004                  5.4464984896956275E+002                  2.6669071857183910E+000                 -4.1715293949482568E+000                  6.9852996947397517E-001                  9.0232101674054537E-007                  2.8091499868099146E-001                  4.3862378920507812E-005                  5.0718183638375934E-003                  9.2762025281277159E-003                  2.0850244238750366E-003                  5.0000000000000000E+000                  0.0000000000000000E+000                  3.4982634335629266E+000                  1.0311066850732242E-004                  1.4008448598223557E+000                  1.2422511564821307E-002                  1.0759320972420331E-002                  4.6795532143319392E-002                  1.0425122119375180E-002                  0.0000000000000000E+000                  0.0000000000000000E+000                  0.0000000000000000E+000                  0.0000000000000000E+000                  1.9493234465291105E+004                  4.0531775437053002E+005                  9.1802100183441356E+007                  5.4353541767543516E+002                  5.4353541767543516E+002                  2.0841811400971982E-034                  3.8811520707241314E+001                  5.0000000000000000E+001                  1.0000000000000000E+003                  3.1574916939063391E+013                                "r26.4.1"                               "gfortran"                                 "15.2.0"                   "aarch64-macos-26.3.2"                                 "CRMATH"                               "20260508"                  1.9884098706980504E+033                  6.9570000000000000E+010                  3.8280000000000003E+033 

                                       1                                        2                                        3                                        4                                        5                                        6                                        7                                        8                                        9                                       10                                       11                                       12 
                                    zone                                     mass                                     logR                                     logT                                   logRho                                     logP                        x_mass_fraction_H                       y_mass_fraction_He                   z_mass_fraction_metals                                       pp                                      cno                                tri_alpha 
                                       1                  5.0000000000000000E+000                  4.2600790154223717E-001                  4.2348943494527012E+000                 -8.9694880482002670E+000                  3.4039651251073662E+000                  7.0000000000000007E-001                  2.8000000000000008E-001                  1.9999999999999796E-002                  1.5731386467100547E-028                  0.0000000000000000E+000                  0.0000000000000000E+000 
                                       2                  4.9999999999974998E+000                  4.2598282565471796E-001                  4.2399115389198565E+000                 -8.9371038776451162E+000                  3.4403562075665373E+000                  7.0000000000000007E-001                  2.8000000000000008E-001                  1.9999999999999796E-002                  1.6949317521064636E-028                  0.0000000000000000E+000                  0.0000000000000000E+000 
                                       3                  4.9999999999949996E+000                  4.2595954770780770E-001                  4.2436624612772791E+000                 -8.9143640615167268E+000                  3.4662337698919949E+000                  7.0000000000000007E-001                  2.8000000000000008E-001                  1.9999999999999796E-002                  1.7860466125579210E-028                  0.0000000000000000E+000                  0.0000000000000000E+000 
                                       4                  4.9999999999936815E+000                  4.2594789703371688E-001                  4.2462155194523552E+000                 -8.8995469379128256E+000                  3.4832455123870334E+000                  7.0000000000000007E-001                  2.8000000000000008E-001                  1.9999999999999796E-002                  1.8480359560636199E-028                  0.0000000000000000E+000                  0.0000000000000000E+000 
                                       5                  4.9999999999923626E+000                  4.2593663625829403E-001                  4.2499867429629887E+000                 -8.8785289828400362E+000                  3.5075778604573253E+000                  7.0000000000000007E-001                  2.8000000000000008E-001                  1.9999999999999796E-002                  1.9396755965108968E-028                  0.0000000000000000E+000                  0.0000000000000000E+000 
                                       6                  4.9999999999897264E+000                  4.2591517627306175E-001                  4.2536610448431649E+000                 -8.8587677113416721E+000                  3.5306233940601919E+000                  7.0000000000000007E-001                  2.8000000000000008E-001                  1.9999999999999796E-002                  2.0299768071544825E-028                  0.0000000000000000E+000                  0.0000000000000000E+000 
                                       7                  4.9999999999884075E+000                  4.2590492245228001E-001                  4.2560710813283222E+000                 -8.8462414519008874E+000                  3.5453359346218858E+000                  7.0000000000000007E-001                  2.8000000000000008E-001                  1.9999999999999796E-002                  2.0893817127764842E-028                  0.0000000000000000E+000                  0.0000000000000000E+000 
                                       8                  4.9999999999870894E+000                  4.2589495946012285E-001                  4.2584448079584991E+000                 -8.8341818778861789E+000                  3.5595676333237858E+000                  7.0000000000000007E-001                  2.8000000000000008E-001                  1.9999999999999796E-002                  2.1482153046263758E-028                  0.0000000000000000E+000                  0.0000000000000000E+000 
                                       9                  4.9999999999857705E+000                  4.2588526865868609E-001                  4.2607823642749310E+000                 -8.8225553964278376E+000                  3.5733489342067295E+000                  7.0000000000000007E-001                  2.8000000000000008E-001                  1.9999999999999796E-002                  2.2065040086775542E-028                  0.0000000000000000E+000                  0.0000000000000000E+000 
                                      10                  4.9999999999844524E+000                  4.2587583322421252E-001                  4.2642300386593224E+000                 -8.8058753736682025E+000                  3.5932357582740213E+000                  7.0000000000000007E-001                  2.8000000000000008E-001                  1.9999999999999796E-002                  2.2929013762045856E-028                  0.0000000000000000E+000                  0.0000000000000000E+000 
                                      11                  4.9999999999818154E+000                  4.2585767165913890E-001                  4.2686913819652279E+000                 -8.7848769569739282E+000                  3.6184137750365766E+000                  7.0000000000000007E-001                  2.8000000000000008E-001                  1.9999999999999796E-002                  2.4064930068050657E-028                  0.0000000000000000E+000                  0.0000000000000000E+000 
                                      12                  4.9999999999791784E+000                  4.2584036520656904E-001                  4.2730160116410882E+000                 -8.7651585125047102E+000                  3.6422154417575991E+000                  7.0000000000000007E-001                  2.8000000000000008E-001                  1.9999999999999796E-002                  2.5182789152975355E-028                  0.0000000000000000E+000                  0.0000000000000000E+000 
                                      13                  4.9999999999765423E+000                  4.2582382502083477E-001                  4.2761648305532374E+000                 -8.7511092716784340E+000                  3.6592504737928877E+000                  7.0000000000000007E-001                  2.8000000000000008E-001                  1.9999999999999796E-002                  2.6010795664578481E-028                  0.0000000000000000E+000                  0.0000000000000000E+000 
                                      14                  4.9999999999752243E+000                  4.2581581750202974E-001                  4.2782296938454731E+000                 -8.7420789105604317E+000                  3.6702477169080581E+000                  7.0000000000000007E-001                  2.8000000000000008E-001                  1.9999999999999796E-002                  2.6557327421662915E-028                  0.0000000000000000E+000                  0.0000000000000000E+000 
                                      15                  4.9999999999739053E+000                  4.2580797433647705E-001                  4.2817259555611722E+000                 -8.7271131491848060E+000                  3.6885594451441768E+000                  7.0000000000000007E-001                  2.8000000000000008E-001                  1.9999999999999796E-002                  2.7488481542768021E-028                  0.0000000000000000E+000                  0.0000000000000000E+000 
                                      16                  4.9999999999706830E+000                  4.2578944988558437E-001                  4.2853243253113806E+000                 -8.7118747312457643E+000                  3.7072428823279808E+000                  7.0000000000000007E-001                  2.8000000000000008E-001                  1.9999999999999796E-002                  2.8470153673084543E-028                  0.0000000000000000E+000                  0.0000000000000000E+000 
                                      17                  4.9999999999690710E+000                  4.2578050616686403E-001                  4.2876770000883067E+000                 -8.7021114489437394E+000                  3.7192673799948412E+000                  7.0000000000000007E-001                  2.8000000000000008E-001                  1.9999999999999796E-002                  2.9117461621461104E-028                  0.0000000000000000E+000                  0.0000000000000000E+000 
                                      18                  4.9999999999674598E+000                  4.2577176073251871E-001                  4.2911383109719479E+000                 -8.6880132962131711E+000                  3.7367034106459780E+000                  7.0000000000000007E-001                  2.8000000000000008E-001                  1.9999999999999796E-002                  3.0078230038015840E-028                  0.0000000000000000E+000                  0.0000000000000000E+000 
                                      19                  4.9999999999642375E+000                  4.2575482703705736E-001                  4.2955978285103571E+000                 -8.6701056430911194E+000                  3.7589166196882107E+000                  7.0000000000000007E-001                  2.8000000000000008E-001                  1.9999999999999796E-002                  3.1344454892192464E-028                  0.0000000000000000E+000                  0.0000000000000000E+000 
                                      20                  4.9999999999610152E+000                  4.2573857552142941E-001                  4.2999042704091002E+000                 -8.6531382714221809E+000                  3.7800518304452417E+000                  7.0000000000000007E-001                  2.8000000000000008E-001                  1.9999999999999796E-002                  3.2593339368274787E-028                  0.0000000000000000E+000                  0.0000000000000000E+000 
                                      21                  4.9999999999577929E+000                  4.2572294496922353E-001                  4.3040650774903169E+000                 -8.6370162679245848E+000                  3.8002088748488929E+000                  7.0000000000000007E-001                  2.8000000000000008E-001                  1.9999999999999796E-002                  3.3826074685514848E-028                  0.0000000000000000E+000                  0.0000000000000000E+000 
                                      22                  4.9999999999545706E+000                  4.2570788242422214E-001                  4.3080874282552211E+000                 -8.6216578962736428E+000                  3.8194743278831602E+000                  7.0000000000000007E-001                  2.8000000000000008E-001                  1.9999999999999796E-002                  3.5043759741006089E-028                  0.0000000000000000E+000                  0.0000000000000000E+000 
                                      23                  4.9999999999513483E+000                  4.2569334175514706E-001                  4.3119784996206612E+000                 -8.6069930437341426E+000                  3.8379237556693586E+000                  7.0000000000000007E-001                  2.8000000000000008E-001                  1.9999999999999796E-002                  3.6247348660181213E-028                  0.0000000000000000E+000                  0.0000000000000000E+000 
                                      24                  4.9999999999481251E+000                  4.2567928249593889E-001                  4.3162564036178788E+000                 -8.5911027760482384E+000                  3.8579821701198260E+000                  7.0000000000000007E-001                  2.8000000000000008E-001                  1.9999999999999796E-002                  3.7598219874859099E-028                  0.0000000000000000E+000                  0.0000000000000000E+000 
                                      25                  4.9999999999440234E+000                  4.2566202989851532E-001                  4.3208619721786761E+000                 -8.5741725065948380E+000                  3.8794031105797391E+000                  7.0000000000000007E-001                  2.8000000000000008E-001                  1.9999999999999796E-002                  3.9092945060728324E-028                  0.0000000000000000E+000                  0.0000000000000000E+000 
                                      26                  4.9999999999399218E+000                  4.2564543498511753E-001                  4.3252929148377444E+000                 -8.5580817944412946E+000                  3.8998200207690403E+000                  7.0000000000000007E-001                  2.8000000000000008E-001                  1.9999999999999796E-002                  4.0568589797813131E-028                  0.0000000000000000E+000                  0.0000000000000000E+000 
                                      27                  4.9999999999358202E+000                  4.2562944186642687E-001                  4.3295620703208728E+000                 -8.5427524388489022E+000                  3.9193228501698938E+000                  7.0000000000000018E-001                  2.8000000000000008E-001                  1.9999999999999796E-002                  4.2026193226222688E-028                  0.0000000000000000E+000                  0.0000000000000000E+000 
                                      28                  4.9999999999317186E+000                  4.2561400173635827E-001                  4.3336812333860264E+000                 -8.5281170670345805E+000                  3.9379899764242632E+000                  7.0000000000000018E-001                  2.8000000000000008E-001                  1.9999999999999796E-002                  4.3466651799080117E-028                  0.0000000000000000E+000                  0.0000000000000000E+000 
                                      29                  4.9999999999276170E+000                  4.2559907169062516E-001                  4.3376610494201433E+000                 -8.5141170481879591E+000                  3.9558901089514253E+000                  7.0000000000000007E-001                  2.8000000000000008E-001                  1.9999999999999796E-002                  4.4890759093995166E-028                  0.0000000000000000E+000                  0.0000000000000000E+000 
                                      30                  4.9999999999235154E+000                  4.2558461379114060E-001                  4.3415111054486974E+000                 -8.5007009766052501E+000                  3.9730838165350879E+000                  7.0000000000000007E-001                  2.8000000000000008E-001                  1.9999999999999796E-002                  4.6299227355168518E-028                  0.0000000000000000E+000                  0.0000000000000000E+000 
                                      31                  4.9999999999194138E+000                  4.2557059431307104E-001                  4.3452400488554765E+000                 -8.4878233520046145E+000                  3.9896247646375200E+000                  7.0000000000000007E-001                  2.8000000000000008E-001                  1.9999999999999796E-002                  4.7692717873735931E-028                  0.0000000000000000E+000                  0.0000000000000000E+000 
                                      32                  4.9999999999153113E+000                  4.2555698313652773E-001                  4.3514193211954169E+000                 -8.4669462403544156E+000                  4.0165958542072486E+000                  7.0000000000000007E-001                  2.8000000000000008E-001                  1.9999999999999796E-002                  5.0041503320505928E-028                  0.0000000000000000E+000                  0.0000000000000000E+000 
                                      33                  4.9999999999053504E+000                  4.2552547395541263E-001                  4.3575684944807263E+000                 -8.4460570291966270E+000                  4.0435358837615789E+000                  7.0000000000000007E-001                  2.8000000000000008E-001                  1.9999999999999796E-002                  5.2507428812763808E-028                  0.0000000000000000E+000                  0.0000000000000000E+000 
                                      34                  4.9999999999003704E+000                  4.2551045679914967E-001                  4.3615243932639931E+000                 -8.4328871385225757E+000                  4.0606124378143997E+000                  7.0000000000000007E-001                  2.8000000000000008E-001                  1.9999999999999796E-002                  5.4124189999587764E-028                  0.0000000000000000E+000                  0.0000000000000000E+000 
                                      35                  4.9999999998953903E+000                  4.2549588671063771E-001                  4.3672569854698580E+000                 -8.4141448296990493E+000                  4.0850338925606300E+000                  7.0000000000000007E-001                  2.8000000000000008E-001                  1.9999999999999796E-002                  5.6511239167777169E-028                  0.0000000000000000E+000                  0.0000000000000000E+000 
                                      36                  4.9999999998854294E+000                  4.2546797325519048E-001                  4.3726717747798647E+000                 -8.3963747797981085E+000                  4.1081606623842895E+000                  7.0000000000000007E-001                  2.8000000000000008E-001                  1.9999999999999796E-002                  5.8871615960392776E-028                  0.0000000000000000E+000                  0.0000000000000000E+000 
                                      37                  4.9999999998804485E+000                  4.2545457415836208E-001                  4.3761707019871681E+000                 -8.3850837986566322E+000                  4.1229232684621753E+000                  7.0000000000000007E-001                  2.8000000000000008E-001                  1.9999999999999796E-002                  6.0422352958089589E-028                  0.0000000000000000E+000                  0.0000000000000000E+000 
                                      38                  4.9999999998754676E+000                  4.2544151773488542E-001                  4.3812620256094181E+000                 -8.3689024649853163E+000                  4.1441693944247957E+000                  7.0000000000000007E-001                  2.8000000000000008E-001                  1.9999999999999796E-002                  6.2716235141289081E-028                  0.0000000000000000E+000                  0.0000000000000000E+000 
                                      39                  4.9999999998655076E+000                  4.2541635660059762E-001                  4.3877028079768357E+000                 -8.3485026584315278E+000                  4.1709775150074666E+000                  7.0000000000000007E-001                  2.8000000000000008E-001                  1.9999999999999796E-002                  6.5732642255954300E-028                  0.0000000000000000E+000                  0.0000000000000000E+000 
                                      40                  4.9999999998555467E+000                  4.2539234593679326E-001                  4.3938196255258788E+000                 -8.3293442290745325E+000                  4.1962320198574394E+000                  7.0000000000000007E-001                  2.8000000000000008E-001                  1.9999999999999796E-002                  6.8697474544168761E-028                  0.0000000000000000E+000                  0.0000000000000000E+000 
                                      41                  4.9999999998455849E+000                  4.2536936772538475E-001                  4.3996427410911831E+000                 -8.3112847462050663E+000                  4.2201032298243515E+000                  7.0000000000000007E-001                  2.8000000000000008E-001                  1.9999999999999796E-002                  7.1614581915106335E-028                  0.0000000000000000E+000                  0.0000000000000000E+000 
                                      42                  4.9999999998356248E+000                  4.2534732200606007E-001                  4.4051439545438127E+000                 -8.2943663823663254E+000                  4.2425186541775739E+000                  7.0000000000000007E-001                  2.8000000000000008E-001                  1.9999999999999796E-002                  7.4459647792027375E-028                  0.0000000000000000E+000                  0.0000000000000000E+000 
                                      43                  4.9999999998258593E+000                  4.2532653126387343E-001                  4.4103547077537604E+000                 -8.2784660945801036E+000                  4.2636316557555682E+000                  7.0000000000000007E-001                  2.8000000000000008E-001                  1.9999999999999796E-002                  7.7236461617663946E-028                  0.0000000000000000E+000                  0.0000000000000000E+000 
                                      44                  4.9999999998160929E+000                  4.2530648511457314E-001                  4.4178241318892830E+000                 -8.2560945659748679E+000                  4.2934984568514158E+000                  7.0000000000000007E-001                  2.8000000000000008E-001                  1.9999999999999796E-002                  8.1319647273050589E-028                  0.0000000000000000E+000                  0.0000000000000000E+000 
                                      45                  4.9999999997965627E+000                  4.2526839812680323E-001                  4.4247618122031751E+000                 -8.2350861758704266E+000                  4.3214522889440836E+000                  7.0000000000000007E-001                  2.8000000000000008E-001                  1.9999999999999796E-002                  8.5350369429640076E-028                  0.0000000000000000E+000                  0.0000000000000000E+000 
                                      46                  4.9999999997867963E+000                  4.2525025038491632E-001                  4.4292071864708422E+000                 -8.2218633483422643E+000                  4.3391390114595998E+000                  7.0000000000000007E-001                  2.8000000000000008E-001                  1.9999999999999796E-002                  8.7989168617774336E-028                  0.0000000000000000E+000                  0.0000000000000000E+000 
                                      47                  4.9999999997770308E+000                  4.2523264468089539E-001                  4.4334976591136934E+000                 -8.2091786110472746E+000                  4.3561362396169407E+000                  7.0000000000000007E-001                  2.8000000000000008E-001                  1.9999999999999796E-002                  9.0597227441123585E-028                  0.0000000000000000E+000                  0.0000000000000000E+000 
                                      48                  4.9999999997672662E+000                  4.2521554371192027E-001                  4.4376450389871556E+000                 -8.1969919205346766E+000                  4.3724957454822757E+000                  7.0000000000000007E-001                  2.8000000000000008E-001                  1.9999999999999796E-002                  9.3175670985763192E-028                  0.0000000000000000E+000                  0.0000000000000000E+000 
                                      49                  4.9999999997575006E+000                  4.2519891400387794E-001                  4.4436533833220224E+000                 -8.1796110127917085E+000                  4.3959380345361234E+000                  7.0000000000000007E-001                  2.8000000000000008E-001                  1.9999999999999796E-002                  9.6980582355840567E-028                  0.0000000000000000E+000                  0.0000000000000000E+000 
                                      50                  4.9999999997379696E+000                  4.2516695401669519E-001                  4.4493327423759403E+000                 -8.1630866758251397E+000                  4.4181858832878751E+000                  7.0000000000000007E-001                  2.8000000000000008E-001                  1.9999999999999796E-002                  1.0074196887016290E-027                  0.0000000000000000E+000                  0.0000000000000000E+000 
                                      51                  4.9999999997282041E+000                  4.2515156810330468E-001                  4.4530048804387476E+000                 -8.1525728896268728E+000                  4.4324108085799843E+000                  7.0000000000000007E-001                  2.8000000000000008E-001                  1.9999999999999796E-002                  1.0321078158793622E-027                  0.0000000000000000E+000                  0.0000000000000000E+000 
                                      52                  4.9999999997184377E+000                  4.2513654861609873E-001                  4.4583538147798292E+000                 -8.1374901859921547E+000                  4.4529137643089154E+000                  7.0000000000000007E-001                  2.8000000000000008E-001                  1.9999999999999796E-002                  1.0685848253773451E-027                  0.0000000000000000E+000                  0.0000000000000000E+000 
                                      53                  4.9999999996989075E+000                  4.2510753055083739E-001                  4.4651420544346303E+000                 -8.1184565785924079E+000                  4.4788338038288416E+000                  7.0000000000000007E-001                  2.8000000000000008E-001                  1.9999999999999796E-002                  1.1164626419277078E-027                  0.0000000000000000E+000                  0.0000000000000000E+000 
                                      54                  4.9999999996793765E+000                  4.2507975133118986E-001                  4.4717744034816107E+000                 -8.1001441194274530E+000                  4.5038940147347990E+000                  7.0000000000000007E-001                  2.8000000000000008E-001                  1.9999999999999796E-002                  1.1645501978517198E-027                  0.0000000000000000E+000                  0.0000000000000000E+000 
                                      55                  4.9999999996588675E+000                  4.2505178210157846E-001                  4.4766472534527511E+000                 -8.0867882205333270E+000                  4.5222154923946736E+000                  7.0000000000000007E-001                  2.8000000000000008E-001                  1.9999999999999796E-002                  1.2009232974313664E-027                  0.0000000000000000E+000                  0.0000000000000000E+000 
                                      56                  4.9999999996486144E+000                  4.2503821906576195E-001                  4.4798184333600508E+000                 -8.0782290128364931E+000                  4.5340154814115081E+000                  7.0000000000000007E-001                  2.8000000000000008E-001                  1.9999999999999796E-002                  1.2248283471515595E-027                  0.0000000000000000E+000                  0.0000000000000000E+000 
                                      57                  4.9999999996383604E+000                  4.2502491948366006E-001                  4.4829218981802379E+000                 -8.0699162739778298E+000                  4.5455047104373065E+000                  7.0000000000000007E-001                  2.8000000000000008E-001                  1.9999999999999796E-002                  1.2485004540460129E-027                  0.0000000000000000E+000                  0.0000000000000000E+000 
                                      58                  4.9999999996281064E+000                  4.2501187085781716E-001                  4.4859610009212760E+000                 -8.0618373746186460E+000                  4.5566991381035908E+000                  7.0000000000000007E-001                  2.8000000000000008E-001                  1.9999999999999796E-002                  1.2719449834111389E-027                  0.0000000000000000E+000                  0.0000000000000000E+000 
                                      59                  4.9999999996178515E+000                  4.2499906157938605E-001                  4.4904200091601361E+000                 -8.0501508635811376E+000                  4.5729695517758415E+000                  7.0000000000000007E-001                  2.8000000000000008E-001                  1.9999999999999796E-002                  1.3066398383445074E-027                  0.0000000000000000E+000                  0.0000000000000000E+000 
                                      60                  4.9999999995973443E+000                  4.2497411995259876E-001                  4.4961466638433567E+000                 -8.0352585073744702E+000                  4.5937612501322933E+000                  7.0000000000000007E-001                  2.8000000000000008E-001                  1.9999999999999796E-002                  1.3522270516819899E-027                  0.0000000000000000E+000                  0.0000000000000000E+000 
                                      61                  4.9999999995768363E+000                  4.2495001501619373E-001                  4.5016639799495692E+000                 -8.0211155189953764E+000                  4.6136071713532214E+000                  7.0000000000000007E-001                  2.8000000000000008E-001                  1.9999999999999796E-002                  1.3969920337390975E-027                  0.0000000000000000E+000                  0.0000000000000000E+000 
                                      62                  4.9999999995563273E+000                  4.2492667859988426E-001                  4.5069886356383444E+000                 -8.0076560685711584E+000                  4.6325896801599873E+000                  7.0000000000000007E-001                  2.8000000000000008E-001                  1.9999999999999796E-002                  1.4409690655906058E-027                  0.0000000000000000E+000                  0.0000000000000000E+000 
                                      63                  4.9999999995358202E+000                  4.2490405073067639E-001                  4.5121353128975041E+000                 -7.9948230952049588E+000                  4.6507808284953960E+000                  7.0000000000000007E-001                  2.8000000000000008E-001                  1.9999999999999796E-002                  1.4841878348655613E-027                  0.0000000000000000E+000                  0.0000000000000000E+000 
                                      64                  4.9999999995153113E+000                  4.2488207832610780E-001                  4.5195864114030542E+000                 -7.9766888367683277E+000                  4.6767191419541136E+000                  7.0000000000000007E-001                  2.8000000000000008E-001                  1.9999999999999796E-002                  1.5474795014035482E-027                  0.0000000000000000E+000                  0.0000000000000000E+000 
                                      65                  4.9999999994742961E+000                  4.2483992134365428E-001                  4.5266342381739761E+000                 -7.9596145837432974E+000                  4.7012044504438242E+000                  7.0000000000000007E-001                  2.8000000000000008E-001                  1.9999999999999796E-002                  1.6095366379167561E-027                  0.0000000000000000E+000                  0.0000000000000000E+000 
                                      66                  4.9999999994537880E+000                  4.2481965110273995E-001                  4.5311873655962724E+000                 -7.9488433572521506E+000                  4.7167960666101729E+000                  7.0000000000000007E-001                  2.8000000000000008E-001                  1.9999999999999796E-002                  1.6499591386787536E-027                  0.0000000000000000E+000                  0.0000000000000000E+000 
                                      67                  4.9999999994332800E+000                  4.2479987467922792E-001                  4.5378142864519493E+000                 -7.9335199002067602E+000                  4.7391856558535723E+000                  7.0000000000000007E-001                  2.8000000000000008E-001                  1.9999999999999796E-002                  1.7092210319207174E-027                  0.0000000000000000E+000                  0.0000000000000000E+000 
                                      68                  4.9999999993922648E+000                  4.2476168541948478E-001                  4.5441382711604508E+000                 -7.9190060816307870E+000                  4.7604846532715133E+000                  7.0000000000000007E-001                  2.8000000000000008E-001                  1.9999999999999796E-002                  1.7673134032028268E-027                  0.0000000000000000E+000                  0.0000000000000000E+000 
                                      69                  4.9999999993717568E+000                  4.2474321475937382E-001                  4.5482435036777931E+000                 -7.9098043476258759E+000                  4.7741272379947919E+000                  7.0000000000000007E-001                  2.8000000000000008E-001                  1.9999999999999796E-002                  1.8051624244818481E-027                  0.0000000000000000E+000                  0.0000000000000000E+000 
                                      70                  4.9999999993512487E+000                  4.2472512905126569E-001                  4.5523501093900576E+000                 -7.9007360727213225E+000                  4.7876665773819376E+000                  7.0000000000000007E-001                  2.8000000000000008E-001                  1.9999999999999796E-002                  1.8432554872136949E-027                  0.0000000000000000E+000                  0.0000000000000000E+000 
                                      71                  4.9999999993297637E+000                  4.2470657128956618E-001                  4.5564566484999149E+000                 -7.8918052094781856E+000                  4.8010994865409575E+000                  7.0000000000000007E-001                  2.8000000000000008E-001                  1.9999999999999796E-002                  1.8815569573732428E-027                  0.0000000000000000E+000                  0.0000000000000000E+000 
                                      72                  4.9999999993082795E+000                  4.2468838894680289E-001                  4.5624671585143837E+000                 -7.8790565010447144E+000                  4.8205037283906460E+000                  7.0000000000000007E-001                  2.8000000000000008E-001                  1.9999999999999796E-002                  1.9376149705114793E-027                  0.0000000000000000E+000                  0.0000000000000000E+000 
                                      73                  4.9999999992653112E+000                  4.2465306970439881E-001                  4.5701637709299092E+000                 -7.8630886283671524E+000                  4.8451046937671158E+000                  7.0000000000000007E-001                  2.8000000000000008E-001                  1.9999999999999796E-002                  2.0101901510472293E-027                  0.0000000000000000E+000                  0.0000000000000000E+000 
                                      74                  4.9999999992223412E+000                  4.2461901731710006E-001                  4.5775483864697337E+000                 -7.8482167615129130E+000                  4.8683936187591383E+000                  7.0000000000000007E-001                  2.8000000000000008E-001                  1.9999999999999796E-002                  2.0802268691870697E-027                  0.0000000000000000E+000                  0.0000000000000000E+000 
                                      75                  4.9999999991793729E+000                  4.2458610365952687E-001                  4.5846362374146619E+000                 -7.8343176205273064E+000                  4.8905035207976324E+000                  7.0000000000000007E-001                  2.8000000000000008E-001                  1.9999999999999796E-002                  2.1478871121157662E-027                  0.0000000000000000E+000                  0.0000000000000000E+000 
                                      76                  4.9999999991364037E+000                  4.2455421955661332E-001                  4.5914380560311159E+000                 -7.8212735609658406E+000                  4.9115481604751192E+000                  7.0000000000000007E-001                  2.8000000000000008E-001                  1.9999999999999796E-002                  2.2133854246122976E-027                  0.0000000000000000E+000                  0.0000000000000000E+000 
                                      77                  4.9999999990934345E+000                  4.2452327214081331E-001                  4.5979624803655783E+000                 -7.8089764114357916E+000                  4.9316255879645317E+000                  7.0000000000000007E-001                  2.8000000000000008E-001                  1.9999999999999796E-002                  2.2769613703176295E-027                  0.0000000000000000E+000                  0.0000000000000000E+000 
                                      78                  4.9999999990504662E+000                  4.2449318237578898E-001                  4.6042171301534731E+000                 -7.7973305616408330E+000                  4.9508209087622301E+000                  7.0000000000000007E-001                  2.8000000000000008E-001                  1.9999999999999796E-002                  2.3388529714684042E-027                  0.0000000000000000E+000                  0.0000000000000000E+000 
                                      79                  4.9999999990074970E+000                  4.2446388275290259E-001                  4.6094659688078012E+000                 -7.7875901139831258E+000                  4.9669521479497334E+000                  7.0000000000000007E-001                  2.8000000000000008E-001                  1.9999999999999796E-002                  2.3919084992097717E-027                  0.0000000000000000E+000                  0.0000000000000000E+000 
                                      80                  4.9999999989752704E+000                  4.2444239163371000E-001                  4.6138188109649114E+000                 -7.7795552217882333E+000                  4.9803201076192014E+000                  7.0000000000000007E-001                  2.8000000000000008E-001                  1.9999999999999796E-002                  2.4365787278789297E-027                  0.0000000000000000E+000                  0.0000000000000000E+000 
                                      81                  4.9999999989430437E+000                  4.2442129136297541E-001                  4.6187318650859623E+000                 -7.7705057521453815E+000                  4.9954160301181858E+000                  7.0000000000000007E-001                  2.8000000000000008E-001                  1.9999999999999796E-002                  2.4878892797094974E-027                  0.0000000000000000E+000                  0.0000000000000000E+000 
                                      82                  4.9999999989000745E+000                  4.2439373319886553E-001                  4.6241159885783238E+000                 -7.7605095740953658E+000                  5.0120536189743232E+000                  7.0000000000000007E-001                  2.8000000000000008E-001                  1.9999999999999796E-002                  2.5458246635271004E-027                  0.0000000000000000E+000                  0.0000000000000000E+000 
                                      83                  4.9999999988571062E+000                  4.2436679702878904E-001                  4.6318331333018010E+000                 -7.7462253399092269E+000                  5.0358784741645977E+000                  7.0000000000000007E-001                  2.8000000000000008E-001                  1.9999999999999796E-002                  2.6309618671063216E-027                  0.0000000000000000E+000                  0.0000000000000000E+000 
                                      84                  4.9999999987711687E+000                  4.2431465352325515E-001                  4.6413260601947064E+000                 -7.7280103102625848E+000                  5.0657527143578358E+000                  7.0000000000000007E-001                  2.8000000000000008E-001                  1.9999999999999796E-002                  2.7436705421856065E-027                  0.0000000000000000E+000                  0.0000000000000000E+000 
                                      85                  4.9999999986852313E+000                  4.2426463412765697E-001                  4.6485505816563402E+000                 -7.7136204258132777E+000                  5.0889195061356602E+000                  7.0000000000000007E-001                  2.8000000000000008E-001                  1.9999999999999796E-002                  2.8361144877360095E-027                  0.0000000000000000E+000                  0.0000000000000000E+000 
                                      86                  4.9999999986295673E+000                  4.2423328230478036E-001                  4.6561776561217938E+000                 -7.6983020997415501E+000                  5.1134267880735083E+000                  7.0000000000000007E-001                  2.8000000000000008E-001                  1.9999999999999796E-002                  2.9379483497772504E-027                  0.0000000000000000E+000                  0.0000000000000000E+000 
                                      87                  4.9999999985270280E+000                  4.2417751372393891E-001                  4.6637083584053851E+000                 -7.6821840295527322E+000                  5.1384461091826719E+000                  7.0000000000000007E-001                  2.8000000000000008E-001                  1.9999999999999796E-002                  3.0490493001343612E-027                  0.0000000000000000E+000                  0.0000000000000000E+000 
                                      88                  4.9999999984586694E+000                  4.2414167787708373E-001                  4.6693705061946238E+000                 -7.6697578514109139E+000                  5.1574791410388503E+000                  7.0000000000000007E-001                  2.8000000000000008E-001                  1.9999999999999796E-002                  3.1375623458810819E-027                  0.0000000000000000E+000                  0.0000000000000000E+000 
                                      89                  4.9999999983903098E+000                  4.2410684434626178E-001                  4.6747114107649619E+000                 -7.6576724618040419E+000                  5.1757186801688668E+000                  7.0000000000000007E-001                  2.8000000000000008E-001                  1.9999999999999796E-002                  3.2261122177019020E-027                  0.0000000000000000E+000                  0.0000000000000000E+000 
                                      90                  4.9999999983219512E+000                  4.2407295874569961E-001                  4.6797609841505263E+000                 -7.6459116248387025E+000                  5.1932283241077721E+000                  7.0000000000000007E-001                  2.8000000000000008E-001                  1.9999999999999796E-002                  3.3146829907898786E-027                  0.0000000000000000E+000                  0.0000000000000000E+000 
                                      91                  4.9999999982535916E+000                  4.2403997084637690E-001                  4.6869170565691585E+000                 -7.6289536679138346E+000                  5.2182437202037111E+000                  7.0000000000000007E-001                  2.8000000000000008E-001                  1.9999999999999796E-002                  3.4466916988405052E-027                  0.0000000000000000E+000                  0.0000000000000000E+000 
                                      92                  4.9999999981168726E+000                  4.2397650042462781E-001                  4.6934160322148850E+000                 -7.6124453702532815E+000                  5.2419098267754034E+000                  7.0000000000000007E-001                  2.8000000000000008E-001                  1.9999999999999796E-002                  3.5802487222993563E-027                  0.0000000000000000E+000                  0.0000000000000000E+000 
                                      93                  4.9999999980485130E+000                  4.2394593896156496E-001                  4.6975363824443654E+000                 -7.6018512524109507E+000                  5.2570040071172510E+000                  7.0000000000000007E-001                  2.8000000000000008E-001                  1.9999999999999796E-002                  3.6686723062968212E-027                  0.0000000000000000E+000                  0.0000000000000000E+000 
                                      94                  4.9999999979801544E+000                  4.2391610776921063E-001                  4.7043954630414895E+000                 -7.5840663367885162E+000                  5.2822254498918841E+000                  7.0000000000000007E-001                  2.8000000000000008E-001                  1.9999999999999796E-002                  3.8220518626865884E-027                  0.0000000000000000E+000                  0.0000000000000000E+000 
                                      95                  4.9999999978092564E+000                  4.2384449707816318E-001                  4.7105852161234152E+000                 -7.5667725923539839E+000                  5.3060775190625069E+000                  7.0000000000000007E-001                  2.8000000000000008E-001                  1.9999999999999796E-002                  3.9773429280830730E-027                  0.0000000000000000E+000                  0.0000000000000000E+000 
                                      96                  4.9999999977408969E+000                  4.2381696158655552E-001                  4.7139706905934506E+000                 -7.5572749209800554E+000                  5.3191445465611364E+000                  7.0000000000000007E-001                  2.8000000000000008E-001                  1.9999999999999796E-002                  4.0652964849394516E-027                  0.0000000000000000E+000                  0.0000000000000000E+000 
                                      97                  4.9999999976725373E+000                  4.2379001666745836E-001                  4.7175143363084659E+000                 -7.5471842852303110E+000                  5.3329480468988857E+000                  7.0000000000000007E-001                  2.8000000000000008E-001                  1.9999999999999796E-002                  4.1608732707261317E-027                  0.0000000000000000E+000                  0.0000000000000000E+000 
                                      98                  4.9999999975919707E+000                  4.2375898328427009E-001                  4.7211817625934023E+000                 -7.5365380288026733E+000                  5.3474088865932430E+000                  7.0000000000000007E-001                  2.8000000000000008E-001                  1.9999999999999796E-002                  4.2641500981806213E-027                  0.0000000000000000E+000                  0.0000000000000000E+000 
                                      99                  4.9999999975114040E+000                  4.2372869498763110E-001                  4.7254895619220862E+000                 -7.5238748034509690E+000                  5.3645270897396173E+000                  7.0000000000000007E-001                  2.8000000000000008E-001                  1.9999999999999796E-002                  4.3903364621898236E-027                  0.0000000000000000E+000                  0.0000000000000000E+000 
                                     100                  4.9999999973942169E+000                  4.2368589451600747E-001                  4.7303054525041501E+000                 -7.5093498803432581E+000                  5.3839860134169921E+000                  7.0000000000000007E-001                  2.8000000000000008E-001                  1.9999999999999796E-002                  4.5396792533193298E-027                  0.0000000000000000E+000                  0.0000000000000000E+000 
                                     101                  4.9999999972770288E+000                  4.2364448978768249E-001                  4.7348599198653245E+000                 -7.4953495016294767E+000                  5.4026172792866634E+000                  7.0000000000000007E-001                  2.8000000000000008E-001                  1.9999999999999796E-002                  4.6884354416986413E-027                  0.0000000000000000E+000                  0.0000000000000000E+000 
                                     102                  4.9999999971598426E+000                  4.2360438725313132E-001                  4.7391806053109562E+000                 -7.4818420555213700E+000                  5.4204884989244384E+000                  7.0000000000000007E-001                  2.8000000000000008E-001                  1.9999999999999796E-002                  4.8365728224641195E-027                  0.0000000000000000E+000                  0.0000000000000000E+000 
                                     103                  4.9999999970426545E+000                  4.2356550218564498E-001                  4.7443124011986733E+000                 -7.4656412555562319E+000                  5.4418480073114042E+000                  7.0000000000000007E-001                  2.8000000000000008E-001                  1.9999999999999796E-002                  5.0204354994530410E-027                  0.0000000000000000E+000                  0.0000000000000000E+000 
                                     104                  4.9999999968668742E+000                  4.2350929187857961E-001                  4.7495844498296691E+000                 -7.4485362240018977E+000                  5.4642016364414898E+000                  7.0000000000000007E-001                  2.8000000000000008E-001                  1.9999999999999796E-002                  5.2221519205269814E-027                  0.0000000000000000E+000                  0.0000000000000000E+000 
                                     105                  4.9999999967203888E+000                  4.2346424325048793E-001                  4.7541210205412883E+000                 -7.4336541636399618E+000                  5.4835784450433058E+000                  7.0000000000000007E-001                  2.8000000000000008E-001                  1.9999999999999796E-002                  5.4042358043820718E-027                  0.0000000000000000E+000                  0.0000000000000000E+000 
                                     106                  4.9999999965739050E+000                  4.2342069884165745E-001                  4.7605688342770973E+000                 -7.4124857147146885E+000                  5.5111238897364689E+000                  7.0000000000000007E-001                  2.8000000000000008E-001                  1.9999999999999796E-002                  5.6742269353321302E-027                  0.0000000000000000E+000                  0.0000000000000000E+000 
                                     107                  4.9999999962809358E+000                  4.2333771687356009E-001                  4.7668518622974894E+000                 -7.3910220564835951E+000                  5.5387194780759508E+000                  7.0000000000000007E-001                  2.8000000000000008E-001                  1.9999999999999796E-002                  5.9617598176840810E-027                  0.0000000000000000E+000                  0.0000000000000000E+000 
                                     108                  4.9999999961051547E+000                  4.2329030720551858E-001                  4.7713163883726022E+000                 -7.3757619491691511E+000                  5.5583315239071922E+000                  7.0000000000000007E-001                  2.8000000000000008E-001                  1.9999999999999796E-002                  6.1750086705720678E-027                  0.0000000000000000E+000                  0.0000000000000000E+000 
                                     109                  4.9999999959293735E+000                  4.2324451974017324E-001                  4.7762691167403455E+000                 -7.3587557785194653E+000                  5.5801551156561908E+000                  7.0000000000000007E-001                  2.8000000000000008E-001                  1.9999999999999796E-002                  6.4216574523880852E-027                  0.0000000000000000E+000                  0.0000000000000000E+000 
                                     110                  4.9999999956949992E+000                  4.2318579299397613E-001                  4.7804891297539465E+000                 -7.3439810776294125E+000                  5.5990076173933163E+000                  7.0000000000000007E-001                  2.8000000000000008E-001                  1.9999999999999796E-002                  6.6439267923321881E-027                  0.0000000000000000E+000                  0.0000000000000000E+000 
                                     111                  4.9999999955582792E+000                  4.2315267105083976E-001                  4.7834898484195953E+000                 -7.3334911752001259E+000                  5.6123973435770118E+000                  7.0000000000000007E-001                  2.8000000000000008E-001                  1.9999999999999796E-002                  6.8063911478679764E-027                  0.0000000000000000E+000                  0.0000000000000000E+000 
                                     112                  4.9999999954215610E+000                  4.2312033223627998E-001                  4.7878366915549826E+000                 -7.3183481869639770E+000                  5.6317439778210217E+000                  7.0000000000000007E-001                  2.8000000000000008E-001                  1.9999999999999796E-002                  7.0479539801514437E-027                  0.0000000000000000E+000                  0.0000000000000000E+000 
                                     113                  4.9999999951481238E+000                  4.2305785046513494E-001                  4.7932879157482446E+000                 -7.2990545943904523E+000                  5.6562814696389294E+000                  7.0000000000000007E-001                  2.8000000000000008E-001                  1.9999999999999796E-002                  7.3681892006866134E-027                  0.0000000000000000E+000                  0.0000000000000000E+000 
                                     114                  4.9999999948746856E+000                  4.2299805845554211E-001                  4.7981091277833805E+000                 -7.2818590361881199E+000                  5.6781024107621079E+000                  7.0000000000000007E-001                  2.8000000000000008E-001                  1.9999999999999796E-002                  7.6658457132175081E-027                  0.0000000000000000E+000                  0.0000000000000000E+000 
                                     115                  4.9999999946354281E+000                  4.2294775233894089E-001                  4.8023951820476709E+000                 -7.2665362716203612E+000                  5.6975334026531206E+000                  7.0000000000000007E-001                  2.8000000000000008E-001                  1.9999999999999796E-002                  7.9412019453069273E-027                  0.0000000000000000E+000                  0.0000000000000000E+000 
                                     116                  4.9999999943961706E+000                  4.2289917358666018E-001                  4.8059069531479075E+000                 -7.2538980041580690E+000                  5.7135304614906453E+000                  7.0000000000000007E-001                  2.8000000000000008E-001                  1.9999999999999796E-002                  8.1757454005476762E-027                  0.0000000000000000E+000                  0.0000000000000000E+000 
                                     117                  4.9999999942252717E+000                  4.2286546011377862E-001                  4.8087413574824280E+000                 -7.2437109441375940E+000                  5.7264294107596632E+000                  7.0000000000000007E-001                  2.8000000000000008E-001                  1.9999999999999796E-002                  8.3698321179481621E-027                  0.0000000000000000E+000                  0.0000000000000000E+000 
                                     118                  4.9999999940543729E+000                  4.2283252065859722E-001                  4.8120391127985966E+000                 -7.2318733074554915E+000                  5.7414233344377354E+000                  7.0000000000000007E-001                  2.8000000000000008E-001                  1.9999999999999796E-002                  8.6011619217990206E-027                  0.0000000000000000E+000                  0.0000000000000000E+000 
                                     119                  4.9999999938151154E+000                  4.2278763335168412E-001                  4.8157352359084244E+000                 -7.2185354592992734E+000                  5.7582929098255926E+000                  7.0000000000000007E-001                  2.8000000000000008E-001                  1.9999999999999796E-002                  8.8694788769174540E-027                  0.0000000000000000E+000                  0.0000000000000000E+000 
                                     120                  4.9999999935758570E+000                  4.2274409035169441E-001                  4.8200480426979935E+000                 -7.2030110757627579E+000                  5.7779414555768165E+000                  7.0000000000000007E-001                  2.8000000000000008E-001                  1.9999999999999796E-002                  9.1923424179778735E-027                  0.0000000000000000E+000                  0.0000000000000000E+000 
                                     121                  4.9999999932340602E+000                  4.2268404888411282E-001                  4.8243855707963812E+000                 -7.1872582545417147E+000                  5.7978309716726484E+000                  7.0000000000000007E-001                  2.8000000000000008E-001                  1.9999999999999796E-002                  9.5319738823717678E-027                  0.0000000000000000E+000                  0.0000000000000000E+000 
                                     122                  4.9999999929606229E+000                  4.2263770973691239E-001                  4.8290078533595917E+000                 -7.1705862789093926E+000                  5.8189207823863525E+000                  7.0000000000000007E-001                  2.8000000000000008E-001                  1.9999999999999796E-002                  9.9051018979352202E-027                  0.0000000000000000E+000                  0.0000000000000000E+000 
                                     123                  4.9999999925504666E+000                  4.2257079262285396E-001                  4.8342524334555108E+000                 -7.1515492083465508E+000                  5.8429612915152509E+000                  7.0000000000000007E-001                  2.8000000000000008E-001                  1.9999999999999796E-002                  1.0349058209866794E-026                  0.0000000000000000E+000                  0.0000000000000000E+000 
                                     124                  4.9999999921403102E+000                  4.2250671644140408E-001                  4.8388118066373007E+000                 -7.1349582449758362E+000                  5.8638993076254700E+000                  7.0000000000000007E-001                  2.8000000000000008E-001                  1.9999999999999796E-002                  1.0752168775094009E-026                  0.0000000000000000E+000                  0.0000000000000000E+000 
                                     125                  4.9999999917985134E+000                  4.2245530051650765E-001                  4.8427837080517602E+000                 -7.1205439095870595E+000                  5.8821041672314855E+000                  7.0000000000000007E-001                  2.8000000000000008E-001                  1.9999999999999796E-002                  1.1115120956406944E-026                  0.0000000000000000E+000                  0.0000000000000000E+000 
                                     126                  4.9999999914567157E+000                  4.2240554570636341E-001                  4.8478992952258730E+000                 -7.1021228276627513E+000                  5.9054191913801377E+000                  7.0000000000000007E-001                  2.8000000000000008E-001                  1.9999999999999796E-002                  1.1596854383916444E-026                  0.0000000000000000E+000                  0.0000000000000000E+000 
                                     127                  4.9999999908805437E+000                  4.2232512030709224E-001                  4.8539838738069339E+000                 -7.0800884719051655E+000                  5.9332658813392296E+000                  7.0000000000000007E-001                  2.8000000000000008E-001                  1.9999999999999796E-002                  1.2200583281921231E-026                  0.0000000000000000E+000                  0.0000000000000000E+000 
                                     128                  4.9999999902946062E+000                  4.2224733538439385E-001                  4.8583247773428182E+000                 -7.0642802751315248E+000                  5.9532147693426420E+000                  7.0000000000000007E-001                  2.8000000000000008E-001                  1.9999999999999796E-002                  1.2652991446649671E-026                  0.0000000000000000E+000                  0.0000000000000000E+000 
                                     129                  4.9999999900016370E+000                  4.2220981820420023E-001                  4.8618316830301502E+000                 -7.0516823708439826E+000                  5.9691716638865744E+000                  7.0000000000000007E-001                  2.8000000000000008E-001                  1.9999999999999796E-002                  1.3025508963385951E-026                  0.0000000000000000E+000                  0.0000000000000000E+000 
                                     130                  4.9999999895621849E+000                  4.2215513400651211E-001                  4.8658730899289635E+000                 -7.0371375174626918E+000                  5.9875859407548182E+000                  7.0000000000000007E-001                  2.8000000000000008E-001                  1.9999999999999796E-002                  1.3469260656414189E-026                  0.0000000000000000E+000                  0.0000000000000000E+000 
                                     131                  4.9999999891227311E+000                  4.2210223124144741E-001                  4.8697582714806789E+000                 -7.0231867510176800E+000                  6.0052595361341732E+000                  7.0000000000000007E-001                  2.8000000000000008E-001                  1.9999999999999796E-002                  1.3909086903020427E-026                  0.0000000000000000E+000                  0.0000000000000000E+000 
                                     132                  4.9999999886832791E+000                  4.2205098242584832E-001                  4.8734993246548814E+000                 -7.0097840366674600E+000                  6.0222498046957860E+000                  7.0000000000000007E-001                  2.8000000000000008E-001                  1.9999999999999796E-002                  1.4345157895517924E-026                  0.0000000000000000E+000                  0.0000000000000000E+000 
                                     133                  4.9999999882438253E+000                  4.2200127370872692E-001                  4.8783024678303377E+000                 -6.9927256706543401E+000                  6.0439262018071336E+000                  7.0000000000000007E-001                  2.8000000000000008E-001                  1.9999999999999796E-002                  1.4920001844360585E-026                  0.0000000000000000E+000                  0.0000000000000000E+000 
                                     134                  4.9999999875114041E+000                  4.2192158128471713E-001                  4.8839777602042398E+000                 -6.9725025714329218E+000                  6.0696018657639605E+000                  7.0000000000000007E-001                  2.8000000000000008E-001                  1.9999999999999796E-002                  1.5631413338606193E-026                  0.0000000000000000E+000                  0.0000000000000000E+000 
                                     135                  4.9999999867789819E+000                  4.2184547375285025E-001                  4.8893542059468791E+000                 -6.9534158276650961E+000                  6.0938604677215746E+000                  7.0000000000000007E-001                  2.8000000000000008E-001                  1.9999999999999796E-002                  1.6333943331626026E-026                  0.0000000000000000E+000                  0.0000000000000000E+000 
                                     136                  4.9999999860465607E+000                  4.2177260113603571E-001                  4.8939557203847626E+000                 -6.9370995389488739E+000                  6.1146054536437662E+000                  7.0000000000000007E-001                  2.8000000000000008E-001                  1.9999999999999796E-002                  1.6959483202959927E-026                  0.0000000000000000E+000                  0.0000000000000000E+000 
                                     137                  4.9999999854606232E+000                  4.2171642761662043E-001                  4.8978889241539161E+000                 -6.9232398573491913E+000                  6.1322576248353293E+000                  7.0000000000000007E-001                  2.8000000000000008E-001                  1.9999999999999796E-002                  1.7509625591209196E-026                  0.0000000000000000E+000                  0.0000000000000000E+000 
                                     138                  4.9999999848746848E+000                  4.2166199767629720E-001                  4.9016799555666211E+000                 -6.9099282585374420E+000                  6.1492285901104706E+000                  7.0000000000000007E-001                  2.8000000000000008E-001                  1.9999999999999796E-002                  1.8054809509013215E-026                  0.0000000000000000E+000                  0.0000000000000000E+000 
                                     139                  4.9999999842887473E+000                  4.2160919120905499E-001                  4.9053399398981918E+000                 -6.8971246239119663E+000                  6.1655690425345151E+000                  7.0000000000000007E-001                  2.8000000000000008E-001                  1.9999999999999796E-002                  1.8595201643328537E-026                  0.0000000000000000E+000                  0.0000000000000000E+000 
                                     140                  4.9999999837028106E+000                  4.2155790039103286E-001                  4.9106368091790618E+000                 -6.8788381154342266E+000                  6.1889925274699156E+000                  7.0000000000000007E-001                  2.8000000000000008E-001                  1.9999999999999796E-002                  1.9395175801298749E-026                  0.0000000000000000E+000                  0.0000000000000000E+000 
                                     141                  4.9999999825309356E+000                  4.2145949754777701E-001                  4.9167271285791330E+000                 -6.8577011539079775E+000                  6.2160288671923674E+000                  7.0000000000000007E-001                  2.8000000000000008E-001                  1.9999999999999796E-002                  2.0362830856320511E-026                  0.0000000000000000E+000                  0.0000000000000000E+000 
                                     142                  4.9999999815543728E+000                  4.2138134299563285E-001                  4.9214684079730189E+000                 -6.8413540686891645E+000                  6.2369770381028742E+000                  7.0000000000000007E-001                  2.8000000000000008E-001                  1.9999999999999796E-002                  2.1144194395131691E-026                  0.0000000000000000E+000                  0.0000000000000000E+000 
                                     143                  4.9999999807731230E+000                  4.2132110024702035E-001                  4.9265308372699614E+000                 -6.8241225066975533E+000                  6.2591378199532919E+000                  7.0000000000000007E-001                  2.8000000000000008E-001                  1.9999999999999796E-002                  2.2000322599985949E-026                  0.0000000000000000E+000                  0.0000000000000000E+000 
                                     144                  4.9999999796012480E+000                  4.2123420717010218E-001                  4.9313360015674723E+000                 -6.8076954563702614E+000                  6.2802389679642445E+000                  7.0000000000000007E-001                  2.8000000000000008E-001                  1.9999999999999796E-002                  2.2848740488900884E-026                  0.0000000000000000E+000                  0.0000000000000000E+000 
                                     145                  4.9999999788199982E+000                  4.2117840116697658E-001                  4.9350454089508853E+000                 -6.7951315980080507E+000                  6.2964196191060182E+000                  7.0000000000000007E-001                  2.8000000000000008E-001                  1.9999999999999796E-002                  2.3519653429297882E-026                  0.0000000000000000E+000                  0.0000000000000000E+000 
                                     146                  4.9999999780387476E+000                  4.2112416585747536E-001                  4.9386332466339447E+000                 -6.7830262673412269E+000                  6.3120266695538421E+000                  7.0000000000000007E-001                  2.8000000000000008E-001                  1.9999999999999796E-002                  2.4184712771187546E-026                  0.0000000000000000E+000                  0.0000000000000000E+000 
                                     147                  4.9999999772574979E+000                  4.2107140190855896E-001                  4.9421079339999858E+000                 -6.7713480791232783E+000                  6.3270994559309974E+000                  7.0000000000000007E-001                  2.8000000000000008E-001                  1.9999999999999796E-002                  2.4844124902111554E-026                  0.0000000000000000E+000                  0.0000000000000000E+000 
                                     148                  4.9999999764762482E+000                  4.2102001939768652E-001                  4.9454772297342933E+000                 -6.7600690062847653E+000                  6.3416734009623825E+000                  7.0000000000000007E-001                  2.8000000000000008E-001                  1.9999999999999796E-002                  2.5498067155794279E-026                  0.0000000000000000E+000                  0.0000000000000000E+000 
                                     149                  4.9999999756949975E+000                  4.2096993661534732E-001                  4.9503744343282570E+000                 -6.7438799796683346E+000                  6.3626658741419426E+000                  7.0000000000000007E-001                  2.8000000000000008E-001                  1.9999999999999796E-002                  2.6466884670285827E-026                  0.0000000000000000E+000                  0.0000000000000000E+000 
                                     150                  4.9999999741324981E+000                  4.2087338726422358E-001                  4.9550229013345266E+000                 -6.7283890143228318E+000                  6.3827076599934633E+000                  7.0000000000000007E-001                  2.8000000000000008E-001                  1.9999999999999796E-002                  2.7428380181331344E-026                  0.0000000000000000E+000                  0.0000000000000000E+000 
                                     151                  4.9999999733512475E+000                  4.2082678112396926E-001                  4.9587860104168078E+000                 -6.7160581560835588E+000                  6.3987371549929009E+000                  7.0000000000000007E-001                  2.8000000000000008E-001                  1.9999999999999796E-002                  2.8218645965578965E-026                  0.0000000000000000E+000                  0.0000000000000000E+000 
                                     152                  4.9999999721793733E+000                  4.2075880202336768E-001                  4.9624153832046760E+000                 -6.7041562668785266E+000                  6.4142055238750304E+000                  7.0000000000000007E-001                  2.8000000000000008E-001                  1.9999999999999796E-002                  2.9003012006341997E-026                  0.0000000000000000E+000                  0.0000000000000000E+000 
                                     153                  4.9999999713981227E+000                  4.2071469066780109E-001                  4.9659517731383165E+000                 -6.6926986565265425E+000                  6.4291478142203555E+000                  7.0000000000000007E-001                  2.8000000000000008E-001                  1.9999999999999796E-002                  2.9778692976711679E-026                  0.0000000000000000E+000                  0.0000000000000000E+000 
                                     154                  4.9999999702262476E+000                  4.2065022226355064E-001                  4.9707311725063876E+000                 -6.6773116679671149E+000                  6.4492509142356917E+000                  7.0000000000000007E-001                  2.8000000000000008E-001                  1.9999999999999796E-002                  3.0853137131839072E-026                  0.0000000000000000E+000                  0.0000000000000000E+000 
                                     155                  4.9999999686637473E+000                  4.2056721427679039E-001                  4.9759568522600484E+000                 -6.6605667516251215E+000                  6.4711575100583323E+000                  7.0000000000000007E-001                  2.8000000000000008E-001                  1.9999999999999796E-002                  3.2066509012745621E-026                  0.0000000000000000E+000                  0.0000000000000000E+000 
                                     156                  4.9999999671012478E+000                  4.2048730092494285E-001                  4.9809621256045844E+000                 -6.6446493731931993E+000                  6.4920269496662941E+000                  7.0000000000000007E-001                  2.8000000000000008E-001                  1.9999999999999796E-002                  3.3264137156308692E-026                  0.0000000000000000E+000                  0.0000000000000000E+000 
                                     157                  4.9999999655387475E+000                  4.2041022167893055E-001                  4.9863606605919104E+000                 -6.6276477092291399E+000                  6.5143808746250000E+000                  7.0000000000000007E-001                  2.8000000000000008E-001                  1.9999999999999796E-002                  3.4592803957132355E-026                  0.0000000000000000E+000                  0.0000000000000000E+000 
                                     158                  4.9999999635856227E+000                  4.2031751725063060E-001                  4.9920723352860996E+000                 -6.6097372091050568E+000                  6.5379590742135889E+000                  7.0000000000000007E-001                  2.8000000000000008E-001                  1.9999999999999796E-002                  3.6049951965641044E-026                  0.0000000000000000E+000                  0.0000000000000000E+000 
                                     159                  4.9999999616324979E+000                  4.2022850238114512E-001                  4.9980602031667916E+000                 -6.5911327940918394E+000                  6.5625167314066113E+000                  7.0000000000000007E-001                  2.8000000000000008E-001                  1.9999999999999796E-002                  3.7628598330449178E-026                  0.0000000000000000E+000                  0.0000000000000000E+000 
                                     160                  4.9999999592887479E+000                  4.2012609611773560E-001                  5.0032257226406971E+000                 -6.5750669181554358E+000                  6.5837169182784683E+000                  7.0000000000000007E-001                  2.8000000000000008E-001                  1.9999999999999796E-002                  3.9047370025362954E-026                  0.0000000000000000E+000                  0.0000000000000000E+000 
                                     161                  4.9999999577262475E+000                  4.2006026643770794E-001                  5.0082034216400153E+000                 -6.5598040735759389E+000                  6.6039421803522789E+000                  7.0000000000000007E-001                  2.8000000000000008E-001                  1.9999999999999796E-002                  4.0444758377396270E-026                  0.0000000000000000E+000                  0.0000000000000000E+000 
                                     162                  4.9999999553824965E+000                  4.1996487882483763E-001                  5.0124768614048181E+000                 -6.5466124144038842E+000                  6.6213880528910787E+000                  7.0000000000000007E-001                  2.8000000000000008E-001                  1.9999999999999796E-002                  4.1692754834082994E-026                  0.0000000000000000E+000                  0.0000000000000000E+000 
                                     163                  4.9999999542106224E+000                  4.1991858928672010E-001                  5.0152535320344791E+000                 -6.5381244901613238E+000                  6.6326458086144005E+000                  7.0000000000000007E-001                  2.8000000000000008E-001                  1.9999999999999796E-002                  4.2516046442614685E-026                  0.0000000000000000E+000                  0.0000000000000000E+000 
                                     164                  4.9999999530387473E+000                  4.1987318127670958E-001                  5.0193150552110923E+000                 -6.5258190841514354E+000                  6.6490102091538272E+000                  7.0000000000000007E-001                  2.8000000000000008E-001                  1.9999999999999796E-002                  4.3738579102104189E-026                  0.0000000000000000E+000                  0.0000000000000000E+000 
                                     165                  4.9999999506949973E+000                  4.1978486156438582E-001                  5.0236380027658907E+000                 -6.5126317471344297E+000                  6.6665116677991181E+000                  7.0000000000000007E-001                  2.8000000000000008E-001                  1.9999999999999796E-002                  4.5087790929966207E-026                  0.0000000000000000E+000                  0.0000000000000000E+000 
                                     166                  4.9999999491324969E+000                  4.1972771406199855E-001                  5.0269936264561261E+000                 -6.5024680107451962E+000                  6.6800291316797997E+000                  7.0000000000000007E-001                  2.8000000000000008E-001                  1.9999999999999796E-002                  4.6155995534963085E-026                  0.0000000000000000E+000                  0.0000000000000000E+000 
                                     167                  4.9999999475699974E+000                  4.1967186665538830E-001                  5.0310669876213190E+000                 -6.4902104508839935E+000                  6.6963632154979544E+000                  7.0000000000000007E-001                  2.8000000000000008E-001                  1.9999999999999796E-002                  4.7477988836514636E-026                  0.0000000000000000E+000                  0.0000000000000000E+000 
                                     168                  4.9999999452262474E+000                  4.1959038821723532E-001                  5.0356655830098216E+000                 -6.4763591253159802E+000                  6.7148158396340687E+000                  7.0000000000000007E-001                  2.8000000000000008E-001                  1.9999999999999796E-002                  4.9017509983692447E-026                  0.0000000000000000E+000                  0.0000000000000000E+000 
                                     169                  4.9999999429801534E+000                  4.1951471473958368E-001                  5.0406550304328368E+000                 -6.4614361680527628E+000                  6.7347384307389726E+000                  7.0000000000000007E-001                  2.8000000000000008E-001                  1.9999999999999796E-002                  5.0732064275466718E-026                  0.0000000000000000E+000                  0.0000000000000000E+000 
                                     170                  4.9999999400504649E+000                  4.1941928784261051E-001                  5.0464946238236870E+000                 -6.4440235731302593E+000                  6.7580062639752940E+000                  7.0000000000000007E-001                  2.8000000000000008E-001                  1.9999999999999796E-002                  5.2808645816288255E-026                  0.0000000000000000E+000                  0.0000000000000000E+000 
                                     171                  4.9999999366324968E+000                  4.1931225706489206E-001                  5.0524685573575390E+000                 -6.4262564346743245E+000                  6.7817665927465054E+000                  7.0000000000000007E-001                  2.8000000000000008E-001                  1.9999999999999796E-002                  5.5015172390535450E-026                  0.0000000000000000E+000                  0.0000000000000000E+000 
                                     172                  4.9999999332145277E+000                  4.1920944210461458E-001                  5.0577531339818602E+000                 -6.4105852480789336E+000                  6.8027425990206609E+000                  7.0000000000000007E-001                  2.8000000000000008E-001                  1.9999999999999796E-002                  5.7037821902880943E-026                  0.0000000000000000E+000                  0.0000000000000000E+000 
                                     173                  4.9999999302848401E+000                  4.1912438312869982E-001                  5.0628263123888404E+000                 -6.3956614335076534E+000                  6.8227673175097117E+000                  7.0000000000000007E-001                  2.8000000000000008E-001                  1.9999999999999796E-002                  5.9033118915975761E-026                  0.0000000000000000E+000                  0.0000000000000000E+000 
                                     174                  4.9999999268668711E+000                  4.1902843983437460E-001                  5.0684261011115348E+000                 -6.3792647207150273E+000                  6.8447996992802604E+000                  7.0000000000000007E-001                  2.8000000000000008E-001                  1.9999999999999796E-002                  6.1305930445898258E-026                  0.0000000000000000E+000                  0.0000000000000000E+000 
                                     175                  4.9999999229606216E+000                  4.1892277943097711E-001                  5.0727052619192063E+000                 -6.3666977614719444E+000                  6.8616707306804789E+000                  7.0000000000000007E-001                  2.8000000000000008E-001                  1.9999999999999796E-002                  6.3106962301484254E-026                  0.0000000000000000E+000                  0.0000000000000000E+000 
                                     176                  4.9999999210074968E+000                  4.1887142820289847E-001                  5.0761818374136256E+000                 -6.3566222120085021E+000                  6.8752522737664501E+000                  7.0000000000000007E-001                  2.8000000000000008E-001                  1.9999999999999796E-002                  6.4589092562944322E-026                  0.0000000000000000E+000                  0.0000000000000000E+000 
                                     177                  4.9999999180778092E+000                  4.1879613487237310E-001                  5.0802203487637811E+000                 -6.3449285363618220E+000                  6.8910193465762797E+000                  7.0000000000000007E-001                  2.8000000000000008E-001                  1.9999999999999796E-002                  6.6352964362954933E-026                  0.0000000000000000E+000                  0.0000000000000000E+000 
                                     178                  4.9999999151481225E+000                  4.1872280418282837E-001                  5.0860742160859891E+000                 -6.3282070497159850E+000                  6.9136608893315161E+000                  7.0000000000000007E-001                  2.8000000000000008E-001                  1.9999999999999796E-002                  6.8959273159155424E-026                  0.0000000000000000E+000                  0.0000000000000000E+000 
                                     179                  4.9999999092887464E+000                  4.1858157771379223E-001                  5.0922203424007515E+000                 -6.3105388074338720E+000                  6.9375370263199247E+000                  7.0000000000000007E-001                  2.8000000000000008E-001                  1.9999999999999796E-002                  7.1824501198160570E-026                  0.0000000000000000E+000                  0.0000000000000000E+000 
                                     180                  4.9999999053824968E+000                  4.1849110780461390E-001                  5.0963606085198867E+000                 -6.2987502272498714E+000                  6.9535151958984240E+000                  7.0000000000000007E-001                  2.8000000000000008E-001                  1.9999999999999796E-002                  7.3802171147781898E-026                  0.0000000000000000E+000                  0.0000000000000000E+000 
                                     181                  4.9999999024528092E+000                  4.1842503668710651E-001                  5.0998122030807140E+000                 -6.2889973714169605E+000                  6.9667658632249791E+000                  7.0000000000000007E-001                  2.8000000000000008E-001                  1.9999999999999796E-002                  7.5479435565496939E-026                  0.0000000000000000E+000                  0.0000000000000000E+000 
                                     182                  4.9999998995231216E+000                  4.1836040360697363E-001                  5.1037325184984459E+000                 -6.2780021755887008E+000                  6.9817394647822120E+000                  7.0000000000000007E-001                  2.8000000000000008E-001                  1.9999999999999796E-002                  7.7416124382394755E-026                  0.0000000000000000E+000                  0.0000000000000000E+000 
                                     183                  4.9999998956168721E+000                  4.1827633740241482E-001                  5.1091449190554563E+000                 -6.2629551758172211E+000                  7.0022881645425734E+000                  7.0000000000000007E-001                  2.8000000000000008E-001                  1.9999999999999796E-002                  8.0147312249643074E-026                  0.0000000000000000E+000                  0.0000000000000000E+000 
                                     184                  4.9999998897574969E+000                  4.1815444556327636E-001                  5.1148319313795731E+000                 -6.2471804840161598E+000                  7.0238461017822686E+000                  7.0000000000000007E-001                  2.8000000000000008E-001                  1.9999999999999796E-002                  8.3114136561982522E-026                  0.0000000000000000E+000                  0.0000000000000000E+000 
                                     185                  4.9999998848746845E+000                  4.1805641791682974E-001                  5.1203030776531389E+000                 -6.2322014415333511E+000                  7.0444024616295344E+000                  7.0000000000000007E-001                  2.8000000000000008E-001                  1.9999999999999796E-002                  8.6032948048146092E-026                  0.0000000000000000E+000                  0.0000000000000000E+000 
                                     186                  4.9999998790153093E+000                  4.1794268965272613E-001                  5.1246017953483758E+000                 -6.2204438322578630E+000                  7.0605430010648114E+000                  7.0000000000000007E-001                  2.8000000000000008E-001                  1.9999999999999796E-002                  8.8395686611684968E-026                  0.0000000000000000E+000                  0.0000000000000000E+000 
                                     187                  4.9999998760856217E+000                  4.1788731200902068E-001                  5.1278702338114810E+000                 -6.2116270182166513E+000                  7.0727008489462078E+000                  7.0000000000000007E-001                  2.8000000000000008E-001                  1.9999999999999796E-002                  9.0209953247383750E-026                  0.0000000000000000E+000                  0.0000000000000000E+000 
                                     188                  4.9999998721793721E+000                  4.1781492709926704E-001                  5.1328665387947776E+000                 -6.1982890797493981E+000                  7.0911559288950121E+000                  7.0000000000000007E-001                  2.8000000000000008E-001                  1.9999999999999796E-002                  9.3025596171545168E-026                  0.0000000000000000E+000                  0.0000000000000000E+000 
                                     189                  4.9999998653434341E+000                  4.1769200184813127E-001                  5.1380940679236371E+000                 -6.1843458710703301E+000                  7.1104541156617671E+000                  7.0000000000000007E-001                  2.8000000000000008E-001                  1.9999999999999796E-002                  9.6063047101840636E-026                  0.0000000000000000E+000                  0.0000000000000000E+000 
                                     190                  4.9999998604606217E+000                  4.1760691118846921E-001                  5.1427369465560631E+000                 -6.1721342633736214E+000                  7.1274341001544181E+000                  7.0000000000000007E-001                  2.8000000000000008E-001                  1.9999999999999796E-002                  9.8804668864272856E-026                  0.0000000000000000E+000                  0.0000000000000000E+000 
                                     191                  4.9999998546012465E+000                  4.1750757026931878E-001                  5.1484426949346132E+000                 -6.1572950195687852E+000                  7.1481455635599600E+000                  7.0000000000000007E-001                  2.8000000000000008E-001                  1.9999999999999796E-002                  1.0224178800735263E-025                  0.0000000000000000E+000                  0.0000000000000000E+000 
                                     192                  4.9999998467887465E+000                  4.1737946445801588E-001                  5.1546912273552845E+000                 -6.1411904199922693E+000                  7.1706920344368221E+000                  7.0000000000000007E-001                  2.8000000000000008E-001                  1.9999999999999796E-002                  1.0610747670425768E-025                  0.0000000000000000E+000                  0.0000000000000000E+000 
                                     193                  4.9999998389762466E+000                  4.1725591475212070E-001                  5.1591969923560130E+000                 -6.1296496982324964E+000                  7.1868835923548771E+000                  7.0000000000000007E-001                  2.8000000000000008E-001                  1.9999999999999796E-002                  1.0896728675466467E-025                  0.0000000000000000E+000                  0.0000000000000000E+000 
                                     194                  4.9999998350699970E+000                  4.1719572166428054E-001                  5.1635997401383369E+000                 -6.1185923964404862E+000                  7.2025016263568693E+000                  7.0000000000000007E-001                  2.8000000000000008E-001                  1.9999999999999796E-002                  1.1177960996612068E-025                  0.0000000000000000E+000                  0.0000000000000000E+000 
                                     195                  4.9999998272574961E+000                  4.1707828985688622E-001                  5.1692602575825548E+000                 -6.1044544360402844E+000                  7.2225097671487202E+000                  7.0000000000000007E-001                  2.8000000000000008E-001                  1.9999999999999796E-002                  1.1548150098012447E-025                  0.0000000000000000E+000                  0.0000000000000000E+000 
                                     196                  4.9999998194449962E+000                  4.1696452854931820E-001                  5.1747179994106691E+000                 -6.0909804015986504E+000                  7.2416561938082928E+000                  7.0000000000000007E-001                  2.8000000000000008E-001                  1.9999999999999796E-002                  1.1912363748794006E-025                  0.0000000000000000E+000                  0.0000000000000000E+000 
                                     197                  4.9999998116324962E+000                  4.1685415710124757E-001                  5.1799871026617454E+000                 -6.0781119962287313E+000                  7.2600123096533347E+000                  7.0000000000000007E-001                  2.8000000000000008E-001                  1.9999999999999796E-002                  1.2270930406790747E-025                  0.0000000000000000E+000                  0.0000000000000000E+000 
                                     198                  4.9999998038199962E+000                  4.1674692748855707E-001                  5.1863432577175042E+000                 -6.0628246833238189E+000                  7.2819385783145520E+000                  7.0000000000000007E-001                  2.8000000000000008E-001                  1.9999999999999796E-002                  1.2710957184929494E-025                  0.0000000000000000E+000                  0.0000000000000000E+000 
                                     199                  4.9999997921012467E+000                  4.1659150543243773E-001                  5.1930125506746645E+000                 -6.0468614422473204E+000                  7.3048759129296545E+000                  7.0000000000000007E-001                  2.8000000000000008E-001                  1.9999999999999796E-002                  1.3187297201903182E-025                  0.0000000000000000E+000                  0.0000000000000000E+000 
                                     200                  4.9999997823356210E+000                  4.1646654032956337E-001                  5.1994132233896337E+000                 -6.0317627326106660E+000                  7.3266868100731903E+000                  7.0000000000000007E-001                  2.8000000000000008E-001                  1.9999999999999796E-002                  1.3654263132228110E-025                  0.0000000000000000E+000                  0.0000000000000000E+000 
                                     201                  4.9999997706168715E+000                  4.1632157098196571E-001                  5.2055322688936680E+000                 -6.0173920764361135E+000                  7.3474816083432923E+000                  7.0000000000000007E-001                  2.8000000000000008E-001                  1.9999999999999796E-002                  1.4114069334587590E-025                  0.0000000000000000E+000                  0.0000000000000000E+000 
                                     202                  4.9999997608512468E+000                  4.1620458947414174E-001                  5.2108868135194690E+000                 -6.0049276023286806E+000                  7.3655780994920041E+000                  7.0000000000000007E-001                  2.8000000000000008E-001                  1.9999999999999796E-002                  1.4525411813133132E-025                  0.0000000000000000E+000                  0.0000000000000000E+000 
                                     203                  4.9999997510856211E+000                  4.1609082704488648E-001                  5.2165615150581406E+000                 -5.9918143172116727E+000                  7.3846697935186594E+000                  7.0000000000000007E-001                  2.8000000000000008E-001                  1.9999999999999796E-002                  1.4971119071026859E-025                  0.0000000000000000E+000                  0.0000000000000000E+000 
                                     204                  4.9999997393668716E+000                  4.1595825977611922E-001                  5.2229871922464453E+000                 -5.9770350498377933E+000                  7.4062269445060904E+000                  7.0000000000000007E-001                  2.8000000000000008E-001                  1.9999999999999796E-002                  1.5489873629139540E-025                  0.0000000000000000E+000                  0.0000000000000000E+000 
                                     205                  4.9999997256949964E+000                  4.1580862686434417E-001                  5.2300519660074301E+000                 -5.9608515268822169E+000                  7.4298713273433856E+000                  7.0000000000000007E-001                  2.8000000000000008E-001                  1.9999999999999796E-002                  1.6078568594271616E-025                  0.0000000000000000E+000                  0.0000000000000000E+000 
                                     206                  4.9999997100699964E+000                  4.1564369392614353E-001                  5.2372004506044778E+000                 -5.9444930317007598E+000                  7.4537844589072186E+000                  7.0000000000000007E-001                  2.8000000000000008E-001                  1.9999999999999796E-002                  1.6696380683016206E-025                  0.0000000000000000E+000                  0.0000000000000000E+000 
                                     207                  4.9999996944449965E+000                  4.1548468012387191E-001                  5.2439885517698395E+000                 -5.9289745947870216E+000                  7.4764816840602553E+000                  7.0000000000000007E-001                  2.8000000000000008E-001                  1.9999999999999796E-002                  1.7304405208617213E-025                  0.0000000000000000E+000                  0.0000000000000000E+000 
                                     208                  4.9999996788199965E+000                  4.1533108221451570E-001                  5.2504414923591165E+000                 -5.9142011808440724E+000                  7.4980811724442384E+000                  7.0000000000000007E-001                  2.8000000000000008E-001                  1.9999999999999796E-002                  1.7903811271658123E-025                  0.0000000000000000E+000                  0.0000000000000000E+000 
                                     209                  4.9999996631949966E+000                  4.1518246633618833E-001                  5.2558186900820543E+000                 -5.9018039482580624E+000                  7.5161620372048628E+000                  7.0000000000000007E-001                  2.8000000000000008E-001                  1.9999999999999796E-002                  1.8422808984651296E-025                  0.0000000000000000E+000                  0.0000000000000000E+000 
                                     210                  4.9999996514762461E+000                  4.1507404498680534E-001                  5.2602575265296139E+000                 -5.8915616308606245E+000                  7.5310971351626730E+000                  7.0000000000000007E-001                  2.8000000000000008E-001                  1.9999999999999796E-002                  1.8862929915110487E-025                  0.0000000000000000E+000                  0.0000000000000000E+000 
                                     211                  4.9999996397574966E+000                  4.1496807226662030E-001                  5.2652477149328094E+000                 -5.8800220089434552E+000                  7.5479121772421731E+000                  7.0000000000000007E-001                  2.8000000000000008E-001                  1.9999999999999796E-002                  1.9371413131766946E-025                  0.0000000000000000E+000                  0.0000000000000000E+000 
                                     212                  4.9999996241324967E+000                  4.1483036441239529E-001                  5.2706922269541421E+000                 -5.8672931383883062E+000                  7.5663874124443478E+000                  7.0000000000000007E-001                  2.8000000000000008E-001                  1.9999999999999796E-002                  1.9948221776286545E-025                  0.0000000000000000E+000                  0.0000000000000000E+000 
                                     213                  4.9999996085074958E+000                  4.1469650861456558E-001                  5.2745991411175517E+000                 -5.8580329316953446E+000                  7.5797619071204654E+000                  7.0000000000000007E-001                  2.8000000000000008E-001                  1.9999999999999796E-002                  2.0378617510485704E-025                  0.0000000000000000E+000                  0.0000000000000000E+000 
                                     214                  4.9999996006949967E+000                  4.1463094753116830E-001                  5.2790399968191464E+000                 -5.8476102471613087E+000                  7.5948710509682353E+000                  7.0000000000000007E-001                  2.8000000000000008E-001                  1.9999999999999796E-002                  2.0874166965093879E-025                  0.0000000000000000E+000                  0.0000000000000000E+000 
                                     215                  4.9999995811637463E+000                  4.1447080673615655E-001                  5.2850608029225814E+000                 -5.8332013329696899E+000                  7.6156124354248327E+000                  7.0000000000000007E-001                  2.8000000000000008E-001                  1.9999999999999796E-002                  2.1579160376541272E-025                  0.0000000000000000E+000                  0.0000000000000000E+000 
                                     216                  4.9999995616324959E+000                  4.1431572312539316E-001                  5.2913411092559661E+000                 -5.8180411026108931E+000                  7.6373693579585016E+000                  7.0000000000000007E-001                  2.8000000000000008E-001                  1.9999999999999796E-002                  2.2346648709551443E-025                  0.0000000000000000E+000                  0.0000000000000000E+000 
                                     217                  4.9999995381949960E+000                  4.1413579899011715E-001                  5.2983252753687813E+000                 -5.8009376370528267E+000                  7.6617905558956858E+000                  7.0000000000000007E-001                  2.8000000000000008E-001                  1.9999999999999796E-002                  2.3245351865877310E-025                  0.0000000000000000E+000                  0.0000000000000000E+000 
                                     218                  4.9999995108512456E+000                  4.1393372717859916E-001                  5.3048560429745892E+000                 -5.7845891640442488E+000                  7.6849532487457397E+000                  7.0000000000000007E-001                  2.8000000000000008E-001                  1.9999999999999796E-002                  2.8429414539127005E-025                  0.0000000000000000E+000                  0.0000000000000000E+000 
                                     219                  4.9999994874137457E+000                  4.1376670885566130E-001                  5.3105502304221437E+000                 -5.7701480535094012E+000                  7.7053209258214048E+000                  7.0000000000000007E-001                  2.8000000000000008E-001                  1.9999999999999796E-002                  3.7461809705419709E-025                  0.0000000000000000E+000                  0.0000000000000000E+000 
                                     220                  4.9999994639762457E+000                  4.1360496933701435E-001                  5.3154104495393506E+000                 -5.7575981170836057E+000                  7.7229108149150267E+000                  7.0000000000000007E-001                  2.8000000000000008E-001                  1.9999999999999796E-002                  4.7392342275818611E-025                  0.0000000000000000E+000                  0.0000000000000000E+000 
                                     221                  4.9999994451872931E+000                  4.1347887684154661E-001                  5.3193095427745449E+000                 -5.7474189370408650E+000                  7.7371240663513712E+000                  7.0000000000000007E-001                  2.8000000000000008E-001                  1.9999999999999796E-002                  5.7212962880650769E-025                  0.0000000000000000E+000                  0.0000000000000000E+000 
                                     222                  4.9999994286252347E+000                  4.1337021578028532E-001                  5.3234229351203597E+000                 -5.7366058143288896E+000                  7.7521868728114898E+000                  7.0000000000000007E-001                  2.8000000000000008E-001                  1.9999999999999796E-002                  6.9760573881883880E-025                  0.0000000000000000E+000                  0.0000000000000000E+000 
                                     223                  4.9999994064775706E+000                  4.1322835896158833E-001                  5.3288732310537892E+000                 -5.7220969900184713E+000                  7.7723112024527392E+000                  7.0000000000000007E-001                  2.8000000000000008E-001                  1.9999999999999796E-002                  9.0681158739441781E-025                  0.0000000000000000E+000                  0.0000000000000000E+000 
                                     224                  4.9999993748380502E+000                  4.1303213571546626E-001                  5.3348923405053519E+000                 -5.7056846472675273E+000                  7.7948912644631294E+000                  7.0000000000000007E-001                  2.8000000000000008E-001                  1.9999999999999796E-002                  1.2111613442249146E-024                  0.0000000000000000E+000                  0.0000000000000000E+000 
                                     225                  4.9999993431985299E+000                  4.1284293784352616E-001                  5.3399915744606270E+000                 -5.6914863754849812E+000                  7.8142888825681212E+000                  7.0000000000000007E-001                  2.8000000000000008E-001                  1.9999999999999796E-002                  1.5472659237332434E-024                  0.0000000000000000E+000                  0.0000000000000000E+000 
                                     226                  4.9999993178869131E+000                  4.1269627781618301E-001                  5.3453870198392028E+000                 -5.6763693248747833E+000                  7.8348991643202872E+000                  7.0000000000000007E-001                  2.8000000000000008E-001                  1.9999999999999796E-002                  2.0035226490049640E-024                  0.0000000000000000E+000                  0.0000000000000000E+000 
                                     227                  4.9999992799194883E+000                  4.1248354963256006E-001                  5.3519468396065832E+000                 -5.6575512070208411E+000                  7.8603570699478302E+000                  7.0000000000000007E-001                  2.8000000000000008E-001                  1.9999999999999796E-002                  2.7423462482907636E-024                  0.0000000000000000E+000                  0.0000000000000000E+000 
                                     228                  4.9999992356241600E+000                  4.1224552065585907E-001                  5.3585074581713528E+000                 -5.6382501921531514E+000                  7.8862558294660392E+000                  7.0000000000000007E-001                  2.8000000000000008E-001                  1.9999999999999796E-002                  3.7526319393482387E-024                  0.0000000000000000E+000                  0.0000000000000000E+000 
                                     229                  4.9999991913288317E+000                  4.1201747178015247E-001                  5.3641888009890693E+000                 -5.6211419291028912E+000                  7.9090423680628446E+000                  7.0000000000000007E-001                  2.8000000000000008E-001                  1.9999999999999796E-002                  4.9226179065516903E-024                  0.0000000000000000E+000                  0.0000000000000000E+000 
                                     230                  4.9999991533614070E+000                  4.1182928147090903E-001                  5.3691394280064921E+000                 -5.6060135127887474E+000                  7.9290990289148926E+000                  7.0000000000000007E-001                  2.8000000000000008E-001                  1.9999999999999796E-002                  6.2337222869901915E-024                  0.0000000000000000E+000                  0.0000000000000000E+000 
                                     231                  4.9999991153939813E+000                  4.1164730128795468E-001                  5.3730500294628047E+000                 -5.5938245841723484E+000                  7.9451595836219280E+000                  7.0000000000000007E-001                  2.8000000000000008E-001                  1.9999999999999796E-002                  7.5119129361698982E-024                  0.0000000000000000E+000                  0.0000000000000000E+000 
                                     232                  4.9999990900823654E+000                  4.1152921648106916E-001                  5.3768199238359475E+000                 -5.5820505311038486E+000                  7.9606638826432681E+000                  7.0000000000000007E-001                  2.8000000000000008E-001                  1.9999999999999796E-002                  8.9879406236156027E-024                  0.0000000000000000E+000                  0.0000000000000000E+000 
                                     233                  4.9999990521149407E+000                  4.1135665367772900E-001                  5.3804108875530616E+000                 -5.5705885698018882E+000                  7.9756571096317623E+000                  7.0000000000000007E-001                  2.8000000000000008E-001                  1.9999999999999796E-002                  1.0664355832735297E-023                  0.0000000000000000E+000                  0.0000000000000000E+000 
                                     234                  4.9999990268033239E+000                  4.1124449805280899E-001                  5.3838821595659097E+000                 -5.5594932820489475E+000                  7.9901646808674753E+000                  7.0000000000000007E-001                  2.8000000000000008E-001                  1.9999999999999796E-002                  1.2577033359455811E-023                  0.0000000000000000E+000                  0.0000000000000000E+000 
                                     235                  4.9999989888358991E+000                  4.1108035161154532E-001                  5.3878608212308228E+000                 -5.5465684483070223E+000                  8.0069822426386903E+000                  7.0000000000000007E-001                  2.8000000000000008E-001                  1.9999999999999796E-002                  1.5194841665893747E-023                  0.0000000000000000E+000                  0.0000000000000000E+000 
                                     236                  4.9999989508684743E+000                  4.1092084006488150E-001                  5.3929262040011743E+000                 -5.5300306456546648E+000                  8.0284689813353101E+000                  7.0000000000000007E-001                  2.8000000000000008E-001                  1.9999999999999796E-002                  1.9320110962478228E-023                  0.0000000000000000E+000                  0.0000000000000000E+000 
                                     237                  4.9999988875894328E+000                  4.1066455297114463E-001                  5.3976602312814821E+000                 -5.5140928028584328E+000                  8.0489898496876116E+000                  7.0000000000000007E-001                  2.8000000000000008E-001                  1.9999999999999796E-002                  2.4191459151379157E-023                  0.0000000000000000E+000                  0.0000000000000000E+000 
                                     238                  4.9999988496220080E+000                  4.1051611422736933E-001                  5.4010668916274529E+000                 -5.5025899282231938E+000                  8.0637881070917974E+000                  7.0000000000000007E-001                  2.8000000000000008E-001                  1.9999999999999796E-002                  2.8430027188951232E-023                  0.0000000000000000E+000                  0.0000000000000000E+000 
                                     239                  4.9999988116545833E+000                  4.1037140903580516E-001                  5.4048884888501556E+000                 -5.4896079424645086E+000                  8.0804603969648081E+000                  7.0000000000000007E-001                  2.8000000000000008E-001                  1.9999999999999796E-002                  3.4066038041197772E-023                  0.0000000000000000E+000                  0.0000000000000000E+000 
                                     240                  4.9999987610313505E+000                  4.1018393586767715E-001                  5.4100820334900419E+000                 -5.4718128707088267E+000                  8.1032579883780791E+000                  7.0000000000000007E-001                  2.8000000000000008E-001                  1.9999999999999796E-002                  4.3540806119424216E-023                  0.0000000000000000E+000                  0.0000000000000000E+000 
                                     241                  4.9999986850965010E+000                  4.0991358858804738E-001                  5.4159008120958729E+000                 -5.4514538834794708E+000                  8.1291862866953686E+000                  7.0000000000000007E-001                  2.8000000000000008E-001                  1.9999999999999796E-002                  5.7317591314916970E-023                  0.0000000000000000E+000                  0.0000000000000000E+000 
                                     242                  4.9999986091616515E+000                  4.0965515069019048E-001                  5.4204482571394292E+000                 -5.4352507687937957E+000                  8.1497177862206662E+000                  7.0000000000000007E-001                  2.8000000000000008E-001                  1.9999999999999796E-002                  7.1050512180526600E-023                  0.0000000000000000E+000                  0.0000000000000000E+000 
                                     243                  4.9999985585384188E+000                  4.0948892472794096E-001                  5.4239353209135697E+000                 -5.4227901371168583E+000                  8.1654952657916997E+000                  7.0000000000000007E-001                  2.8000000000000008E-001                  1.9999999999999796E-002                  8.3741787808348196E-023                  0.0000000000000000E+000                  0.0000000000000000E+000 
                                     244                  4.9999985079151861E+000                  4.0932721724190874E-001                  5.4281199026470288E+000                 -5.4077914496615049E+000                  8.1844713679335808E+000                  7.0000000000000007E-001                  2.8000000000000008E-001                  1.9999999999999796E-002                  1.0195864239028224E-022                  0.0000000000000000E+000                  0.0000000000000000E+000 
                                     245                  4.9999984319803366E+000                  4.0909256905350350E-001                  5.4328677511556567E+000                 -5.3905089727504567E+000                  8.2062454967190561E+000                  7.0000000000000007E-001                  2.8000000000000008E-001                  1.9999999999999796E-002                  1.2746559373177966E-022                  0.0000000000000000E+000                  0.0000000000000000E+000 
                                     246                  4.9999983560454870E+000                  4.0886671625111115E-001                  5.4381117681360651E+000                 -5.3713187684921930E+000                  8.2303901594289126E+000                  7.0000000000000007E-001                  2.8000000000000008E-001                  1.9999999999999796E-002                  1.6302236713854585E-022                  0.0000000000000000E+000                  0.0000000000000000E+000 
                                     247                  4.9999982547990216E+000                  4.0857808342842761E-001                  5.4423242429840029E+000                 -5.3555405913603975E+000                  8.2501194062491798E+000                  7.0000000000000007E-001                  2.8000000000000008E-001                  1.9999999999999796E-002                  1.9869200363761153E-022                  0.0000000000000000E+000                  0.0000000000000000E+000 
                                     248                  4.9999982041757880E+000                  4.0843871012040278E-001                  5.4463913304907257E+000                 -5.3404754967546761E+000                  8.2690149199821299E+000                  7.0000000000000007E-001                  2.8000000000000008E-001                  1.9999999999999796E-002                  2.4030101072330018E-022                  0.0000000000000000E+000                  0.0000000000000000E+000 
                                     249                  4.9999981029293235E+000                  4.0816908648592698E-001                  5.4502302552847857E+000                 -5.3259123341975600E+000                  8.2871665758317210E+000                  7.0000000000000007E-001                  2.8000000000000008E-001                  1.9999999999999796E-002                  2.8763469064639469E-022                  0.0000000000000000E+000                  0.0000000000000000E+000 
                                     250                  4.9999980523060898E+000                  4.0803854002474377E-001                  5.4527131055620535E+000                 -5.3165303782963935E+000                  8.2988733281271454E+000                  7.0000000000000007E-001                  2.8000000000000008E-001                  1.9999999999999796E-002                  3.2300053811010221E-022                  0.0000000000000000E+000                  0.0000000000000000E+000 
                                     251                  4.9999980016828571E+000                  4.0791066940386689E-001                  5.4557288551970862E+000                 -5.3051354615118980E+000                  8.3130929640097033E+000                  7.0000000000000007E-001                  2.8000000000000008E-001                  1.9999999999999796E-002                  3.7176174605427617E-022                  0.0000000000000000E+000                  0.0000000000000000E+000 
                                     252                  4.9999979257480076E+000                  4.0772362726106315E-001                  5.4597835151039646E+000                 -5.2897400437422650E+000                  8.3322816219014140E+000                  7.0000000000000007E-001                  2.8000000000000008E-001                  1.9999999999999796E-002                  4.4900215875503121E-022                  0.0000000000000000E+000                  0.0000000000000000E+000 
                                     253                  4.9999978245015422E+000                  4.0748256738933797E-001                  5.4631097927309691E+000                 -5.2769198180394365E+000                  8.3481996124535147E+000                  7.0000000000000007E-001                  2.8000000000000008E-001                  1.9999999999999796E-002                  5.2424524222795538E-022                  0.0000000000000000E+000                  0.0000000000000000E+000 
                                     254                  4.9999977730477951E+000                  4.0736347552549546E-001                  5.4652934576223791E+000                 -5.2685382341679716E+000                  8.3586184068109954E+000                  7.0000000000000007E-001                  2.8000000000000008E-001                  1.9999999999999796E-002                  5.8022133214136804E-022                  0.0000000000000000E+000                  0.0000000000000000E+000 
                                     255                  4.9999977215940481E+000                  4.0724656475768561E-001                  5.4679557359657602E+000                 -5.2583284375920005E+000                  8.3713134202880060E+000                  7.0000000000000007E-001                  2.8000000000000008E-001                  1.9999999999999796E-002                  6.5647288366582364E-022                  0.0000000000000000E+000                  0.0000000000000000E+000 
                                     256                  4.9999976444134289E+000                  4.0707510250660123E-001                  5.4710413118243162E+000                 -5.2464211755087975E+000                  8.3860961915997940E+000                  7.0000000000000007E-001                  2.8000000000000008E-001                  1.9999999999999796E-002                  7.5739902159859696E-022                  0.0000000000000000E+000                  0.0000000000000000E+000 
                                     257                  4.9999975672328096E+000                  4.0690808231250547E-001                  5.4748481984632722E+000                 -5.2317603690862917E+000                  8.4043087411336721E+000                  7.0000000000000007E-001                  2.8000000000000008E-001                  1.9999999999999796E-002                  9.0313215096664925E-022                  0.0000000000000000E+000                  0.0000000000000000E+000 
                                     258                  4.9999974471740671E+000                  4.0665653393168621E-001                  5.4783168673141152E+000                 -5.2182110939826352E+000                  8.4210807214486003E+000                  7.0000000000000007E-001                  2.8000000000000008E-001                  1.9999999999999796E-002                  1.0602683118361772E-021                  0.0000000000000000E+000                  0.0000000000000000E+000 
                                     259                  4.9999973785690717E+000                  4.0651701895358661E-001                  5.4813784867988344E+000                 -5.2063405348192706E+000                  8.4358041248386044E+000                  7.0000000000000007E-001                  2.8000000000000008E-001                  1.9999999999999796E-002                  1.2209201675519495E-021                  0.0000000000000000E+000                  0.0000000000000000E+000 
                                     260                  4.9999972756615785E+000                  4.0631314741717928E-001                  5.4843237825566860E+000                 -5.1948106298852030E+000                  8.4500710309466296E+000                  7.0000000000000007E-001                  2.8000000000000008E-001                  1.9999999999999796E-002                  1.3983870412007951E-021                  0.0000000000000000E+000                  0.0000000000000000E+000 
                                     261                  4.9999972070565830E+000                  4.0618064005122917E-001                  5.4877611703791072E+000                 -5.1814719824622149E+000                  8.4666145961463801E+000                  7.0000000000000007E-001                  2.8000000000000008E-001                  1.9999999999999796E-002                  1.6374059799977938E-021                  0.0000000000000000E+000                  0.0000000000000000E+000 
                                     262                  4.9999970698465921E+000                  4.0592329483118766E-001                  5.4915848671283989E+000                 -5.1664446905891248E+000                  8.4851942155273399E+000                  7.0000000000000007E-001                  2.8000000000000008E-001                  1.9999999999999796E-002                  1.9516364896815336E-021                  0.0000000000000000E+000                  0.0000000000000000E+000 
                                     263                  4.9999969669390989E+000                  4.0573656391897295E-001                  5.4947461668635338E+000                 -5.1540427254308234E+000                  8.5005363781885368E+000                  7.0000000000000007E-001                  2.8000000000000008E-001                  1.9999999999999796E-002                  2.2556434612513270E-021                  0.0000000000000000E+000                  0.0000000000000000E+000 
                                     264                  4.9999968640316057E+000                  4.0555485890594312E-001                  5.4978012566476115E+000                 -5.1420412175580212E+000                  8.5153793973674130E+000                  7.0000000000000007E-001                  2.8000000000000008E-001                  1.9999999999999796E-002                  2.5937308258366173E-021                  0.0000000000000000E+000                  0.0000000000000000E+000 
                                     265                  4.9999967611241125E+000                  4.0537788737105879E-001                  5.5012479267366423E+000                 -5.1285244434503863E+000                  8.5321051937458634E+000                  7.0000000000000007E-001                  2.8000000000000008E-001                  1.9999999999999796E-002                  3.0352058159625187E-021                  0.0000000000000000E+000                  0.0000000000000000E+000 
                                     266                  4.9999966239141216E+000                  4.0514883520802381E-001                  5.5054960329023377E+000                 -5.1118379995445329E+000                  8.5527470897707669E+000                  7.0000000000000007E-001                  2.8000000000000008E-001                  1.9999999999999796E-002                  3.6825088101852221E-021                  0.0000000000000000E+000                  0.0000000000000000E+000 
                                     267                  4.9999964524016329E+000                  4.0487283111000738E-001                  5.5095403345288370E+000                 -5.0958437987809528E+000                  8.5725012690249507E+000                  7.0000000000000007E-001                  2.8000000000000008E-001                  1.9999999999999796E-002                  4.4255589236569717E-021                  0.0000000000000000E+000                  0.0000000000000000E+000 
                                     268                  4.9999963151916411E+000                  4.0465965176755658E-001                  5.5129984376906513E+000                 -5.0821948617135595E+000                  8.5893690645250373E+000                  7.0000000000000007E-001                  2.8000000000000008E-001                  1.9999999999999796E-002                  5.1764482770847778E-021                  0.0000000000000000E+000                  0.0000000000000000E+000 
                                     269                  4.9999961779816502E+000                  4.0445276806595815E-001                  5.5171606981752070E+000                 -5.0658355494484653E+000                  8.6096099502856731E+000                  7.0000000000000007E-001                  2.8000000000000008E-001                  1.9999999999999796E-002                  6.2472213679987900E-021                  0.0000000000000000E+000                  0.0000000000000000E+000 
                                     270                  4.9999959721666647E+000                  4.0415339165705721E-001                  5.5211169971543557E+000                 -5.0501238953332974E+000                  8.6290015652914800E+000                  7.0000000000000007E-001                  2.8000000000000008E-001                  1.9999999999999796E-002                  7.4689965145225941E-021                  0.0000000000000000E+000                  0.0000000000000000E+000 
                                     271                  4.9999958349566729E+000                  4.0396057124707091E-001                  5.5241751889568960E+000                 -5.0380349850135975E+000                  8.6439406690127676E+000                  7.0000000000000007E-001                  2.8000000000000008E-001                  1.9999999999999796E-002                  8.5711152623480531E-021                  0.0000000000000000E+000                  0.0000000000000000E+000 
                                     272                  4.9999956977466820E+000                  4.0377279745166805E-001                  5.5271429290472671E+000                 -5.0263027207742477E+000                  8.6584400145496314E+000                  7.0000000000000007E-001                  2.8000000000000008E-001                  1.9999999999999796E-002                  9.7934104511047999E-021                  0.0000000000000000E+000                  0.0000000000000000E+000 
                                     273                  4.9999955599099417E+000                  4.0358895771048048E-001                  5.5311130123078618E+000                 -5.0107064428464412E+000                  8.6777468506945805E+000                  7.0000000000000007E-001                  2.8000000000000008E-001                  1.9999999999999796E-002                  1.1698095238439392E-020                  0.0000000000000000E+000                  0.0000000000000000E+000 
                                     274                  4.9999953175988354E+000                  4.0327664070683394E-001                  5.5347238234028753E+000                 -4.9963294306597819E+000                  8.6954868882426268E+000                  7.0000000000000007E-001                  2.8000000000000008E-001                  1.9999999999999796E-002                  1.3751009874167601E-020                  0.0000000000000000E+000                  0.0000000000000000E+000 
                                     275                  4.9999951964432814E+000                  4.0312532495670916E-001                  5.5370679368662685E+000                 -4.9870664037052537E+000                  8.7069391167578392E+000                  7.0000000000000007E-001                  2.8000000000000008E-001                  1.9999999999999796E-002                  1.5267353485388673E-020                  0.0000000000000000E+000                  0.0000000000000000E+000 
                                     276                  4.9999950752877282E+000                  4.0297704908141668E-001                  5.5398436875598103E+000                 -4.9761317416990645E+000                  8.7204694263538407E+000                  7.0000000000000007E-001                  2.8000000000000008E-001                  1.9999999999999796E-002                  1.7275728993458663E-020                  0.0000000000000000E+000                  0.0000000000000000E+000 
                                     277                  4.9999949022083667E+000                  4.0277023961959890E-001                  5.5430017952587587E+000                 -4.9636586577535038E+000                  8.7358947034264709E+000                  7.0000000000000007E-001                  2.8000000000000008E-001                  1.9999999999999796E-002                  1.9880131540047112E-020                  0.0000000000000000E+000                  0.0000000000000000E+000 
                                     278                  4.9999947291290043E+000                  4.0256900189724909E-001                  5.5469704137904667E+000                 -4.9480744785365012E+000                  8.7551968075846638E+000                  7.0000000000000007E-001                  2.8000000000000008E-001                  1.9999999999999796E-002                  2.3702231944237550E-020                  0.0000000000000000E+000                  0.0000000000000000E+000 
                                     279                  4.9999944522020252E+000                  4.0225782039226188E-001                  5.5504625662926133E+000                 -4.9342021048629165E+000                  8.7723315044882071E+000                  7.0000000000000007E-001                  2.8000000000000008E-001                  1.9999999999999796E-002                  2.7668798099053911E-020                  0.0000000000000000E+000                  0.0000000000000000E+000 
                                     280                  4.9999943137385356E+000                  4.0210688028513053E-001                  5.5532976002004997E+000                 -4.9230611772211894E+000                  8.7861303282715522E+000                  7.0000000000000007E-001                  2.8000000000000008E-001                  1.9999999999999796E-002                  3.1355616675719195E-020                  0.0000000000000000E+000                  0.0000000000000000E+000 
                                     281                  4.9999941060433013E+000                  4.0188592071702955E-001                  5.5571292852421807E+000                 -4.9080080383763844E+000                  8.8047776203779975E+000                  7.0000000000000007E-001                  2.8000000000000008E-001                  1.9999999999999796E-002                  3.7117467615427686E-020                  0.0000000000000000E+000                  0.0000000000000000E+000 
                                     282                  4.9999938291163222E+000                  4.0160084683340058E-001                  5.5602749045169961E+000                 -4.8955432452463175E+000                  8.8201872211810866E+000                  7.0000000000000007E-001                  2.8000000000000008E-001                  1.9999999999999796E-002                  4.2628229099428339E-020                  0.0000000000000000E+000                  0.0000000000000000E+000 
                                     283                  4.9999936906528326E+000                  4.0146213983672868E-001                  5.5623244614922021E+000                 -4.8874762283995326E+000                  8.8301772862881016E+000                  7.0000000000000007E-001                  2.8000000000000008E-001                  1.9999999999999796E-002                  4.6638997096503805E-020                  0.0000000000000000E+000                  0.0000000000000000E+000 
                                     284                  4.9999935521893430E+000                  4.0132585616112232E-001                  5.5648447011227846E+000                 -4.8775897478822019E+000                  8.8424313517339161E+000                  7.0000000000000007E-001                  2.8000000000000008E-001                  1.9999999999999796E-002                  5.2079472800062044E-020                  0.0000000000000000E+000                  0.0000000000000000E+000 
                                     285                  4.9999933425889829E+000                  4.0112396311744786E-001                  5.5677879121991332E+000                 -4.8660136620080072E+000                  8.8567713304300515E+000                  7.0000000000000007E-001                  2.8000000000000008E-001                  1.9999999999999796E-002                  5.9232388488424906E-020                  0.0000000000000000E+000                  0.0000000000000000E+000 
                                     286                  4.9999931329886236E+000                  4.0092710950395671E-001                  5.5716010310664679E+000                 -4.8511060090472258E+000                  8.8752672290260595E+000                  7.0000000000000007E-001                  2.8000000000000008E-001                  1.9999999999999796E-002                  6.9940154056975232E-020                  0.0000000000000000E+000                  0.0000000000000000E+000 
                                     287                  4.9999927820670855E+000                  4.0060808245632024E-001                  5.5761522176765252E+000                 -4.8332206660041894E+000                  8.8974315549164995E+000                  7.0000000000000007E-001                  2.8000000000000008E-001                  1.9999999999999796E-002                  8.5256269395372709E-020                  0.0000000000000000E+000                  0.0000000000000000E+000 
                                     288                  4.9999924311455475E+000                  4.0030126438468516E-001                  5.5800638091391059E+000                 -4.8178212460070808E+000                  8.9165088020708225E+000                  7.0000000000000007E-001                  2.8000000000000008E-001                  1.9999999999999796E-002                  1.0103448729345947E-019                  0.0000000000000000E+000                  0.0000000000000000E+000 
                                     289                  4.9999921504083176E+000                  4.0006391517683398E-001                  5.5829992866445606E+000                 -4.8062729374286501E+000                  8.9308188870581890E+000                  7.0000000000000007E-001                  2.8000000000000008E-001                  1.9999999999999796E-002                  1.1473145352696104E-019                  0.0000000000000000E+000                  0.0000000000000000E+000 
                                     290                  4.9999919398553940E+000                  3.9989032818851800E-001                  5.5854495736152217E+000                 -4.7966606256383484E+000                  8.9427390080730174E+000                  7.0000000000000007E-001                  2.8000000000000008E-001                  1.9999999999999796E-002                  1.2754505743593250E-019                  0.0000000000000000E+000                  0.0000000000000000E+000 
                                     291                  4.9999917293024723E+000                  3.9972033942251056E-001                  5.5882351664011090E+000                 -4.7857604883509746E+000                  8.9562653462125503E+000                  7.0000000000000007E-001                  2.8000000000000008E-001                  1.9999999999999796E-002                  1.4382113940497910E-019                  0.0000000000000000E+000                  0.0000000000000000E+000 
                                     292                  4.9999914485652415E+000                  3.9949900661873095E-001                  5.5913167934719930E+000                 -4.7736753357384432E+000                  8.9712551320515939E+000                  7.0000000000000007E-001                  2.8000000000000008E-001                  1.9999999999999796E-002                  1.6422693356390526E-019                  0.0000000000000000E+000                  0.0000000000000000E+000 
                                     293                  4.9999911678280116E+000                  3.9928342287473467E-001                  5.5944872423382481E+000                 -4.7612563168475255E+000                  8.9866645366484832E+000                  7.0000000000000007E-001                  2.8000000000000008E-001                  1.9999999999999796E-002                  1.8818938412458873E-019                  0.0000000000000000E+000                  0.0000000000000000E+000 
                                     294                  4.9999908519986267E+000                  3.9904736038957855E-001                  5.5977297133632060E+000                 -4.7485401893660111E+000                  9.0024392156292912E+000                  7.0000000000000007E-001                  2.8000000000000008E-001                  1.9999999999999796E-002                  2.1626281986514732E-019                  0.0000000000000000E+000                  0.0000000000000000E+000 
                                     295                  4.9999905361692427E+000                  3.9881774056890834E-001                  5.6010377477265667E+000                 -4.7355771374449631E+000                  9.0185245146693411E+000                  7.0000000000000007E-001                  2.8000000000000008E-001                  1.9999999999999796E-002                  2.4914481507080440E-019                  0.0000000000000000E+000                  0.0000000000000000E+000 
                                     296                  4.9999901852477047E+000                  3.9856970138545111E-001                  5.6047301998387917E+000                 -4.7211139500362043E+000                  9.0364746018874236E+000                  7.0000000000000007E-001                  2.8000000000000008E-001                  1.9999999999999796E-002                  2.9168027386263800E-019                  0.0000000000000000E+000                  0.0000000000000000E+000 
                                     297                  4.9999897641418594E+000                  3.9828126965250538E-001                  5.6079519150945183E+000                 -4.7084131215803007E+000                  9.0522140658571271E+000                  7.0000000000000007E-001                  2.8000000000000008E-001                  1.9999999999999796E-002                  3.3464653692545867E-019                  0.0000000000000000E+000                  0.0000000000000000E+000 
                                     298                  4.9999894834046286E+000                  3.9809421684964313E-001                  5.6117056384812729E+000                 -4.6937697389988839E+000                  9.0704087410829164E+000                  7.0000000000000007E-001                  2.8000000000000008E-001                  1.9999999999999796E-002                  3.9247560158772329E-019                  0.0000000000000000E+000                  0.0000000000000000E+000 
                                     299                  4.9999889219301688E+000                  3.9773182792799133E-001                  5.6159018940911958E+000                 -4.6771998248541244E+000                  9.0909383775637060E+000                  7.0000000000000007E-001                  2.8000000000000008E-001                  1.9999999999999796E-002                  4.6903625224847322E-019                  0.0000000000000000E+000                  0.0000000000000000E+000 
                                     300                  4.9999884930755281E+000                  3.9746481686433854E-001                  5.6199765792132998E+000                 -4.6612018682635359E+000                  9.1107887764243358E+000                  7.0000000000000007E-001                  2.8000000000000008E-001                  1.9999999999999796E-002                  5.5727591211870295E-019                  0.0000000000000000E+000                  0.0000000000000000E+000 
                                     301                  4.9999879212693417E+000                  3.9712095318294699E-001                  5.6233081885133434E+000                 -4.6479724464457925E+000                  9.1271606656382502E+000                  7.0000000000000007E-001                  2.8000000000000008E-001                  1.9999999999999796E-002                  6.4163488667812846E-019                  0.0000000000000000E+000                  0.0000000000000000E+000 
                                     302                  4.9999876353662485E+000                  3.9695388514722024E-001                  5.6265534593854918E+000                 -4.6352430745547428E+000                  9.1429615866385205E+000                  7.0000000000000007E-001                  2.8000000000000008E-001                  1.9999999999999796E-002                  7.3559465398066251E-019                  0.0000000000000000E+000                  0.0000000000000000E+000 
                                     303                  4.9999870635600629E+000                  3.9662884868685661E-001                  5.6306911202353458E+000                 -4.6188825353731744E+000                  9.1632323417913888E+000                  7.0000000000000007E-001                  2.8000000000000008E-001                  1.9999999999999796E-002                  8.7551712491171383E-019                  0.0000000000000000E+000                  0.0000000000000000E+000 
                                     304                  4.9999864917538765E+000                  3.9631513774396288E-001                  5.6351431208864016E+000                 -4.6013042823683801E+000                  9.1850215346739166E+000                  7.0000000000000007E-001                  2.8000000000000008E-001                  1.9999999999999796E-002                  1.0553374586435842E-018                  0.0000000000000000E+000                  0.0000000000000000E+000 
                                     305                  4.9999857769961435E+000                  3.9593765406248022E-001                  5.6393720803664689E+000                 -4.5844805494213148E+000                  9.2058401143657385E+000                  7.0000000000000007E-001                  2.8000000000000008E-001                  1.9999999999999796E-002                  1.2599984343645800E-018                  0.0000000000000000E+000                  0.0000000000000000E+000 
                                     306                  4.9999852051899571E+000                  3.9564647007611403E-001                  5.6434299190048769E+000                 -4.5684011292561459E+000                  9.2257583512908035E+000                  7.0000000000000007E-001                  2.8000000000000008E-001                  1.9999999999999796E-002                  1.4927201886849223E-018                  0.0000000000000000E+000                  0.0000000000000000E+000 
                                     307                  4.9999844904322233E+000                  3.9529494030020429E-001                  5.6477514024745741E+000                 -4.5511960755422685E+000                  9.2470491713117013E+000                  7.0000000000000007E-001                  2.8000000000000008E-001                  1.9999999999999796E-002                  1.7874937001767619E-018                  0.0000000000000000E+000                  0.0000000000000000E+000 
                                     308                  4.9999837677928696E+000                  3.9495251902349826E-001                  5.6514895505152074E+000                 -4.5362428054539956E+000                  9.2655345334807215E+000                  7.0000000000000007E-001                  2.8000000000000008E-001                  1.9999999999999796E-002                  2.0885550763090532E-018                  0.0000000000000000E+000                  0.0000000000000000E+000 
                                     309                  4.9999831881050616E+000                  3.9468657353985065E-001                  5.6546975111031790E+000                 -4.5234182897238124E+000                  9.2813919713020887E+000                  7.0000000000000007E-001                  2.8000000000000008E-001                  1.9999999999999796E-002                  2.3863026571934850E-018                  0.0000000000000000E+000                  0.0000000000000000E+000 
                                     310                  4.9999826084172536E+000                  3.9442789819410801E-001                  5.6574125030909865E+000                 -4.5125190707685752E+000                  9.2948565059970019E+000                  7.0000000000000007E-001                  2.8000000000000008E-001                  1.9999999999999796E-002                  2.6709492543602488E-018                  0.0000000000000000E+000                  0.0000000000000000E+000 
                                     311                  4.9999821723193536E+000                  3.9423782590860978E-001                  5.6596836900250098E+000                 -4.5034095647769954E+000                  9.3061131297859809E+000                  7.0000000000000007E-001                  2.8000000000000008E-001                  1.9999999999999796E-002                  2.9344992331672410E-018                  0.0000000000000000E+000                  0.0000000000000000E+000 
                                     312                  4.9999817362214527E+000                  3.9405145678877324E-001                  5.6622757254383629E+000                 -4.4930213081958597E+000                  9.3189530361270965E+000                  7.0000000000000007E-001                  2.8000000000000008E-001                  1.9999999999999796E-002                  3.2666070520764486E-018                  0.0000000000000000E+000                  0.0000000000000000E+000 
                                     313                  4.9999811512054659E+000                  3.9380699236620081E-001                  5.6651515829293153E+000                 -4.4814477509571491E+000                  9.3332450513172400E+000                  7.0000000000000007E-001                  2.8000000000000008E-001                  1.9999999999999796E-002                  3.6789011907524109E-018                  0.0000000000000000E+000                  0.0000000000000000E+000 
                                     314                  4.9999805661894801E+000                  3.9356855931537860E-001                  5.6682946312671918E+000                 -4.4688039327212650E+000                  9.3488613298507168E+000                  7.0000000000000007E-001                  2.8000000000000008E-001                  1.9999999999999796E-002                  4.1881731620722155E-018                  0.0000000000000000E+000                  0.0000000000000000E+000 
                                     315                  4.9999798308645804E+000                  3.9327693129906877E-001                  5.6716653481213495E+000                 -4.4551883093273936E+000                  9.3656630787640225E+000                  7.0000000000000007E-001                  2.8000000000000008E-001                  1.9999999999999796E-002                  4.8121963468114666E-018                  0.0000000000000000E+000                  0.0000000000000000E+000 
                                     316                  4.9999790955396790E+000                  3.9299374264490949E-001                  5.6746014003177967E+000                 -4.4432870943579861E+000                  9.3803385206686904E+000                  7.0000000000000007E-001                  2.8000000000000008E-001                  1.9999999999999796E-002                  5.4302796838026568E-018                  0.0000000000000000E+000                  0.0000000000000000E+000 
                                     317                  4.9999785024138585E+000                  3.9277110378942420E-001                  5.6771483817977622E+000                 -4.4329711631650639E+000                  9.3930623710369403E+000                  7.0000000000000007E-001                  2.8000000000000008E-001                  1.9999999999999796E-002                  6.0292198033897373E-018                  0.0000000000000000E+000                  0.0000000000000000E+000 
                                     318                  4.9999779092880372E+000                  3.9255336008596764E-001                  5.6814740968194313E+000                 -4.4156222362293862E+000                  9.4145116334463737E+000                  7.0000000000000007E-001                  2.8000000000000008E-001                  1.9999999999999796E-002                  7.1960969328300082E-018                  0.0000000000000000E+000                  0.0000000000000000E+000 
                                     319                  4.9999764264734834E+000                  3.9202897578351970E-001                  5.6866946582505191E+000                 -4.3943254649735435E+000                  9.4407413082000424E+000                  7.0000000000000007E-001                  2.8000000000000008E-001                  1.9999999999999796E-002                  8.9107067122046164E-018                  0.0000000000000000E+000                  0.0000000000000000E+000 
                                     320                  4.9999752402218407E+000                  3.9162826536053263E-001                  5.6900191944238934E+000                 -4.3807089715487004E+000                  9.4574982092882216E+000                  7.0000000000000007E-001                  2.8000000000000008E-001                  1.9999999999999796E-002                  1.0207432296275302E-017                  0.0000000000000000E+000                  0.0000000000000000E+000 
                                     321                  4.9999746415827726E+000                  3.9143188497138670E-001                  5.6927501205208593E+000                 -4.3696283754923542E+000                  9.4711648900375476E+000                  7.0000000000000007E-001                  2.8000000000000008E-001                  1.9999999999999796E-002                  1.1407485106146597E-017                  0.0000000000000000E+000                  0.0000000000000000E+000 
                                     322                  4.9999737353543008E+000                  3.9114160296189959E-001                  5.6959262829814090E+000                 -4.3566836715919388E+000                  9.4871155393842201E+000                  7.0000000000000007E-001                  2.8000000000000008E-001                  1.9999999999999796E-002                  1.2980415225643053E-017                  0.0000000000000000E+000                  0.0000000000000000E+000 
                                     323                  4.9999728291258299E+000                  3.9085928772593681E-001                  5.7005208518757051E+000                 -4.3381049701767607E+000                  9.5100521435348764E+000                  7.0000000000000007E-001                  2.8000000000000008E-001                  1.9999999999999796E-002                  1.5634998409239256E-017                  0.0000000000000000E+000                  0.0000000000000000E+000 
                                     324                  4.9999710166688871E+000                  3.9031675905838353E-001                  5.7062864745973236E+000                 -4.3145145169223182E+000                  9.5391010823359306E+000                  7.0000000000000007E-001                  2.8000000000000008E-001                  1.9999999999999796E-002                  1.9744933169918952E-017                  0.0000000000000000E+000                  0.0000000000000000E+000 
                                     325                  4.9999691915386775E+000                  3.8979741972388454E-001                  5.7108350468235551E+000                 -4.2957643147011302E+000                  9.5621537100952754E+000                  7.0000000000000007E-001                  2.8000000000000008E-001                  1.9999999999999796E-002                  2.3730321224927261E-017                  0.0000000000000000E+000                  0.0000000000000000E+000 
                                     326                  4.9999679663363592E+000                  3.8946253414621912E-001                  5.7143619435008945E+000                 -4.2812883035922571E+000                  9.5799706592384144E+000                  7.0000000000000007E-001                  2.8000000000000008E-001                  1.9999999999999796E-002                  2.7352693080237326E-017                  0.0000000000000000E+000                  0.0000000000000000E+000 
                                     327                  4.9999667281388165E+000                  3.8913444109441742E-001                  5.7182052320129158E+000                 -4.2655311122541626E+000                  9.5993711203149523E+000                  7.0000000000000007E-001                  2.8000000000000008E-001                  1.9999999999999796E-002                  3.1919887716270912E-017                  0.0000000000000000E+000                  0.0000000000000000E+000 
                                     328                  4.9999651749772109E+000                  3.8873655801486590E-001                  5.7218840174627861E+000                 -4.2503496779609682E+000                  9.6180369130073480E+000                  7.0000000000000007E-001                  2.8000000000000008E-001                  1.9999999999999796E-002                  3.7000072937385405E-017                  0.0000000000000000E+000                  0.0000000000000000E+000 
                                     329                  4.9999639324479270E+000                  3.8842843574674479E-001                  5.7254390732904437E+000                 -4.2357374653701960E+000                  9.6360207106817679E+000                  7.0000000000000007E-001                  2.8000000000000008E-001                  1.9999999999999796E-002                  4.2656989419476082E-017                  0.0000000000000000E+000                  0.0000000000000000E+000 
                                     330                  4.9999623733255492E+000                  3.8805371419513007E-001                  5.7288779356451318E+000                 -4.2215250413670091E+000                  9.6534923852630499E+000                  7.0000000000000007E-001                  2.8000000000000008E-001                  1.9999999999999796E-002                  4.8944955638192677E-017                  0.0000000000000000E+000                  0.0000000000000000E+000 
                                     331                  4.9999611069531760E+000                  3.8775846925339280E-001                  5.7322299032495110E+000                 -4.2077257844518110E+000                  9.6704724981671397E+000                  7.0000000000000007E-001                  2.8000000000000008E-001                  1.9999999999999796E-002                  5.5942442682854328E-017                  0.0000000000000000E+000                  0.0000000000000000E+000 
                                     332                  4.9999595239877106E+000                  3.8740014720113952E-001                  5.7361666654368699E+000                 -4.1915081198558939E+000                  9.6904272318624542E+000                  7.0000000000000007E-001                  2.8000000000000008E-001                  1.9999999999999796E-002                  6.5427192463183292E-017                  0.0000000000000000E+000                  0.0000000000000000E+000 
                                     333                  4.9999576244291513E+000                  3.8698481312494504E-001                  5.7396171522324160E+000                 -4.1772025735259479E+000                  9.7080056650349800E+000                  7.0000000000000007E-001                  2.8000000000000008E-001                  1.9999999999999796E-002                  7.5046413889504282E-017                  0.0000000000000000E+000                  0.0000000000000000E+000 
                                     334                  4.9999563329994787E+000                  3.8671094342730766E-001                  5.7430006815810302E+000                 -4.1632865002854835E+000                  9.7251376379662666E+000                  7.0000000000000007E-001                  2.8000000000000008E-001                  1.9999999999999796E-002                  8.5804781970448150E-017                  0.0000000000000000E+000                  0.0000000000000000E+000 
                                     335                  4.9999543958549699E+000                  3.8631216829956622E-001                  5.7462468681535199E+000                 -4.1498270858833388E+000                  9.7416788611777800E+000                  7.0000000000000007E-001                  2.8000000000000008E-001                  1.9999999999999796E-002                  9.7572281137836672E-017                  0.0000000000000000E+000                  0.0000000000000000E+000 
                                     336                  4.9999531044252974E+000                  3.8605384527540132E-001                  5.7487842018528470E+000                 -4.1393504957468545E+000                  9.7545671741245599E+000                  7.0000000000000007E-001                  2.8000000000000008E-001                  1.9999999999999796E-002                  1.0785306432129841E-016                  0.0000000000000000E+000                  0.0000000000000000E+000 
                                     337                  4.9999517998202618E+000                  3.8579865443160327E-001                  5.7512788015037106E+000                 -4.1290510283542794E+000                  9.7672385403954376E+000                  7.0000000000000007E-001                  2.8000000000000008E-001                  1.9999999999999796E-002                  1.1899790611320424E-016                  0.0000000000000000E+000                  0.0000000000000000E+000 
                                     338                  4.9999504820398641E+000                  3.8554648603711683E-001                  5.7549354434967297E+000                 -4.1140620456031041E+000                  9.7857104089386162E+000                  7.0000000000000007E-001                  2.8000000000000008E-001                  1.9999999999999796E-002                  1.3737697646984435E-016                  0.0000000000000000E+000                  0.0000000000000000E+000 
                                     339                  4.9999478464790688E+000                  3.8505801088086783E-001                  5.7596082257384440E+000                 -4.0947682658197406E+000                  9.8094511023440081E+000                  7.0000000000000007E-001                  2.8000000000000008E-001                  1.9999999999999796E-002                  1.6502836502992178E-016                  0.0000000000000000E+000                  0.0000000000000000E+000 
                                     340                  4.9999451717183687E+000                  3.8458222999563285E-001                  5.7629793603028743E+000                 -4.0807592490299793E+000                  9.8266660657930043E+000                  7.0000000000000007E-001                  2.8000000000000008E-001                  1.9999999999999796E-002                  1.8835030992796705E-016                  0.0000000000000000E+000                  0.0000000000000000E+000 
                                     341                  4.9999438278047021E+000                  3.8435019885371968E-001                  5.7657262137360448E+000                 -4.0694617835070703E+000                  9.8405818332702566E+000                  7.0000000000000007E-001                  2.8000000000000008E-001                  1.9999999999999796E-002                  2.0967103008007628E-016                  0.0000000000000000E+000                  0.0000000000000000E+000 
                                     342                  4.9999418119342014E+000                  3.8401041891451027E-001                  5.7705539476307335E+000                 -4.0497324619244619E+000                  9.8649203812268578E+000                  7.0000000000000007E-001                  2.8000000000000008E-001                  1.9999999999999796E-002                  2.5297370975276332E-016                  0.0000000000000000E+000                  0.0000000000000000E+000 
                                     343                  4.9999377056352596E+000                  3.8334673504656147E-001                  5.7751214705757539E+000                 -4.0307144150643950E+000                  9.8882868548371299E+000                  7.0000000000000007E-001                  2.8000000000000008E-001                  1.9999999999999796E-002                  3.0223804092813816E-016                  0.0000000000000000E+000                  0.0000000000000000E+000 
                                     344                  4.9999356403374886E+000                  3.8302614352541187E-001                  5.7780946317036364E+000                 -4.0184562166167277E+000                  9.9033819997948971E+000                  7.0000000000000007E-001                  2.8000000000000008E-001                  1.9999999999999796E-002                  3.3916621984090602E-016                  0.0000000000000000E+000                  0.0000000000000000E+000 
                                     345                  4.9999335507431208E+000                  3.8271011369277408E-001                  5.7814740105465594E+000                 -4.0045651596664475E+000                  9.9205005563499498E+000                  7.0000000000000007E-001                  2.8000000000000008E-001                  1.9999999999999796E-002                  3.8651300677588421E-016                  0.0000000000000000E+000                  0.0000000000000000E+000 
                                     346                  4.9999307646172975E+000                  3.8230098169619625E-001                  5.7861568130829779E+000                 -3.9853761593168522E+000                  9.9441664215940442E+000                  7.0000000000000007E-001                  2.8000000000000008E-001                  1.9999999999999796E-002                  4.6296890898010304E-016                  0.0000000000000000E+000                  0.0000000000000000E+000 
                                     347                  4.9999265123169003E+000                  3.8170145229976149E-001                  5.7906304325150364E+000                 -3.9668543869997945E+000                  9.9669596479146119E+000                  7.0000000000000007E-001                  2.8000000000000008E-001                  1.9999999999999796E-002                  5.5007208444610112E-016                  0.0000000000000000E+000                  0.0000000000000000E+000 
                                     348                  4.9999236526969142E+000                  3.8131378955553208E-001                  5.7941085361112359E+000                 -3.9525449766398468E+000                  9.9845951912011977E+000                  7.0000000000000007E-001                  2.8000000000000008E-001                  1.9999999999999796E-002                  6.2863096633463910E-016                  0.0000000000000000E+000                  0.0000000000000000E+000 
                                     349                  4.9999207683238733E+000                  3.8093444113366848E-001                  5.7974929459037350E+000                 -3.9386326373356928E+000                  1.0001745793537545E+001                  7.0000000000000007E-001                  2.8000000000000008E-001                  1.9999999999999796E-002                  7.1561754896740881E-016                  0.0000000000000000E+000                  0.0000000000000000E+000 
                                     350                  4.9999178586934665E+000                  3.8056287277721768E-001                  5.8007898171619239E+000                 -3.9250927886459186E+000                  1.0018441835077480E+001                  7.0000000000000007E-001                  2.8000000000000008E-001                  1.9999999999999796E-002                  8.1168308000265446E-016                  0.0000000000000000E+000                  0.0000000000000000E+000 
                                     351                  4.9999149238056937E+000                  3.8019865912348827E-001                  5.8040012020316780E+000                 -3.9119172374113971E+000                  1.0034693372571477E+001                  7.0000000000000007E-001                  2.8000000000000008E-001                  1.9999999999999796E-002                  9.1739216744114122E-016                  0.0000000000000000E+000                  0.0000000000000000E+000 
                                     352                  4.9999119696408281E+000                  3.7984212177322463E-001                  5.8071394424175100E+000                 -3.8990564967019052E+000                  1.0050561659828482E+001                  7.0000000000000007E-001                  2.8000000000000008E-001                  1.9999999999999796E-002                  1.0337076372666183E-015                  0.0000000000000000E+000                  0.0000000000000000E+000 
                                     353                  4.9999089765874727E+000                  3.7949057254007967E-001                  5.8105916293615847E+000                 -3.8849557516165021E+000                  1.0067973793340807E+001                  7.0000000000000007E-001                  2.8000000000000008E-001                  1.9999999999999796E-002                  1.1783276262525437E-015                  0.0000000000000000E+000                  0.0000000000000000E+000 
                                     354                  4.9999052107565314E+000                  3.7906123085716359E-001                  5.8143192778721353E+000                 -3.8697164522835892E+000                  1.0086789553705147E+001                  7.0000000000000007E-001                  2.8000000000000008E-001                  1.9999999999999796E-002                  1.3569123483871236E-015                  0.0000000000000000E+000                  0.0000000000000000E+000 
                                     355                  4.9999013917447028E+000                  3.7863960192872054E-001                  5.8175786382475927E+000                 -3.8563807718754077E+000                  1.0103253146407265E+001                  7.0000000000000007E-001                  2.8000000000000008E-001                  1.9999999999999796E-002                  1.5347435540214880E-015                  0.0000000000000000E+000                  0.0000000000000000E+000 
                                     356                  4.9998983258990624E+000                  3.7831050779071496E-001                  5.8207829756160949E+000                 -3.8433427829911837E+000                  1.0119370009116512E+001                  7.0000000000000007E-001                  2.8000000000000008E-001                  1.9999999999999796E-002                  1.7315749315311279E-015                  0.0000000000000000E+000                  0.0000000000000000E+000 
                                     357                  4.9998944154650653E+000                  3.7790212917651028E-001                  5.8245991787916536E+000                 -3.8278304335513904E+000                  1.0138551004442657E+001                  7.0000000000000007E-001                  2.8000000000000008E-001                  1.9999999999999796E-002                  1.9985059846965770E-015                  0.0000000000000000E+000                  0.0000000000000000E+000 
                                     358                  4.9998897111894181E+000                  3.7742663609822841E-001                  5.8282928553650724E+000                 -3.8127802169334073E+000                  1.0157152080762138E+001                  7.0000000000000007E-001                  2.8000000000000008E-001                  1.9999999999999796E-002                  2.2954579609606492E-015                  0.0000000000000000E+000                  0.0000000000000000E+000 
                                     359                  4.9998857279624263E+000                  3.7703657317119327E-001                  5.8313389239141085E+000                 -3.8003915722589214E+000                  1.0172470839652286E+001                  7.0000000000000007E-001                  2.8000000000000008E-001                  1.9999999999999796E-002                  2.5725312561386365E-015                  0.0000000000000000E+000                  0.0000000000000000E+000 
                                     360                  4.9998822986027189E+000                  3.7670938323751463E-001                  5.8341679219247862E+000                 -3.7889201324115729E+000                  1.0186665617681889E+001                  7.0000000000000007E-001                  2.8000000000000008E-001                  1.9999999999999796E-002                  2.8589655509487906E-015                  0.0000000000000000E+000                  0.0000000000000000E+000 
                                     361                  4.9998786432873823E+000                  3.7636894232955781E-001                  5.8374915032661994E+000                 -3.7754893759200807E+000                  1.0203298426374788E+001                  7.0000000000000007E-001                  2.8000000000000008E-001                  1.9999999999999796E-002                  3.2353855350259826E-015                  0.0000000000000000E+000                  0.0000000000000000E+000 
                                     362                  4.9998737239511861E+000                  3.7592352063915185E-001                  5.8415829910730794E+000                 -3.7589718836692660E+000                  1.0223759735042933E+001                  7.0000000000000007E-001                  2.8000000000000008E-001                  1.9999999999999796E-002                  3.7660792038901768E-015                  0.0000000000000000E+000                  0.0000000000000000E+000 
                                     363                  4.9998676794214054E+000                  3.7539486736098127E-001                  5.8449513993914346E+000                 -3.7452917270105619E+000                  1.0240684931861631E+001                  7.0000000000000007E-001                  2.8000000000000008E-001                  1.9999999999999796E-002                  4.2673136831349700E-015                  0.0000000000000000E+000                  0.0000000000000000E+000 
                                     364                  4.9998643022240987E+000                  3.7510784987121304E-001                  5.8479168458096042E+000                 -3.7333743083953488E+000                  1.0255464476805122E+001                  7.0000000000000007E-001                  2.8000000000000008E-001                  1.9999999999999796E-002                  4.7611307047196215E-015                  0.0000000000000000E+000                  0.0000000000000000E+000 
                                     365                  4.9998591689048126E+000                  3.7468234799384842E-001                  5.8513908330186659E+000                 -3.7193888100288479E+000                  1.0272803000403620E+001                  7.0000000000000007E-001                  2.8000000000000008E-001                  1.9999999999999796E-002                  5.4117369779829525E-015                  0.0000000000000000E+000                  0.0000000000000000E+000 
                                     366                  4.9998539823991166E+000                  3.7426484742349553E-001                  5.8553620305123379E+000                 -3.7034862405807463E+000                  1.0292542649886167E+001                  7.0000000000000007E-001                  2.8000000000000008E-001                  1.9999999999999796E-002                  6.2617656843941138E-015                  0.0000000000000000E+000                  0.0000000000000000E+000 
                                     367                  4.9998469543475235E+000                  3.7371762793271623E-001                  5.8586624381841155E+000                 -3.6901765104385902E+000                  1.0309039065791570E+001                  7.0000000000000007E-001                  2.8000000000000008E-001                  1.9999999999999796E-002                  7.0685795764191295E-015                  0.0000000000000000E+000                  0.0000000000000000E+000 
                                     368                  4.9998433936079794E+000                  3.7344798901369786E-001                  5.8622162212925142E+000                 -3.6760710808441344E+000                  1.0326584543115768E+001                  7.0000000000000007E-001                  2.8000000000000008E-001                  1.9999999999999796E-002                  8.0475651322020950E-015                  0.0000000000000000E+000                  0.0000000000000000E+000 
                                     369                  4.9998352709783829E+000                  3.7285076999274391E-001                  5.8664496090687521E+000                 -3.6591328644213168E+000                  1.0347617276432807E+001                  7.0000000000000007E-001                  2.8000000000000008E-001                  1.9999999999999796E-002                  9.3917563407775668E-015                  0.0000000000000000E+000                  0.0000000000000000E+000 
                                     370                  4.9998288318949626E+000                  3.7239378256285455E-001                  5.8708724693921246E+000                 -3.6416142009630859E+000                  1.0369421112150103E+001                  7.0000000000000007E-001                  2.8000000000000008E-001                  1.9999999999999796E-002                  1.1027326361372403E-014                  0.0000000000000000E+000                  0.0000000000000000E+000 
                                     371                  4.9998194787390684E+000                  3.7175380464797458E-001                  5.8754082108547401E+000                 -3.6235757573409511E+000                  1.0391853080397050E+001                  7.0000000000000007E-001                  2.8000000000000008E-001                  1.9999999999999796E-002                  1.2997267954501369E-014                  0.0000000000000000E+000                  0.0000000000000000E+000 
                                     372                  4.9998118361711317E+000                  3.7125016113428361E-001                  5.8803751448231880E+000                 -3.6040462173064229E+000                  1.0416202812504268E+001                  7.0000000000000007E-001                  2.8000000000000008E-001                  1.9999999999999796E-002                  1.5544304245733142E-014                  0.0000000000000000E+000                  0.0000000000000000E+000 
                                     373                  4.9998000988173485E+000                  3.7050749469295968E-001                  5.8861351330598364E+000                 -3.5813539986486655E+000                  1.0444485332608878E+001                  7.0000000000000007E-001                  2.8000000000000008E-001                  1.9999999999999796E-002                  1.9118403691532173E-014                  0.0000000000000000E+000                  0.0000000000000000E+000 
                                     374                  4.9997880818691574E+000                  3.6978217816910924E-001                  5.8907844571855881E+000                 -3.5630169352801726E+000                  1.0467335601441301E+001                  7.0000000000000007E-001                  2.8000000000000008E-001                  1.9999999999999796E-002                  2.2583595438440346E-014                  0.0000000000000000E+000                  0.0000000000000000E+000 
                                     375                  4.9997798800345405E+000                  3.6930562606850953E-001                  5.8944550747377855E+000                 -3.5486596368277201E+000                  1.0485260817558242E+001                  7.0000000000000007E-001                  2.8000000000000008E-001                  1.9999999999999796E-002                  2.5742030347434061E-014                  0.0000000000000000E+000                  0.0000000000000000E+000 
                                     376                  4.9997715321330229E+000                  3.6883482174955529E-001                  5.8980812312911457E+000                 -3.5345194403595084E+000                  1.0502927833080577E+001                  7.0000000000000007E-001                  2.8000000000000008E-001                  1.9999999999999796E-002                  2.9284421215632524E-014                  0.0000000000000000E+000                  0.0000000000000000E+000 
                                     377                  4.9997629599469864E+000                  3.6836533325609877E-001                  5.9016336260960616E+000                 -3.5207064625660931E+000                  1.0520197827728042E+001                  7.0000000000000007E-001                  2.8000000000000008E-001                  1.9999999999999796E-002                  3.3214878307167748E-014                  0.0000000000000000E+000                  0.0000000000000000E+000 
                                     378                  4.9997543877609507E+000                  3.6790908565954089E-001                  5.9051342325576170E+000                 -3.5071434857406731E+000                  1.0537169590143085E+001                  7.0000000000000007E-001                  2.8000000000000008E-001                  1.9999999999999796E-002                  3.7589584344435484E-014                  0.0000000000000000E+000                  0.0000000000000000E+000 
                                     379                  4.9997455076748301E+000                  3.6744953128643926E-001                  5.9085837125077747E+000                 -3.4938191229462845E+000                  1.0553854813262975E+001                  7.0000000000000007E-001                  2.8000000000000008E-001                  1.9999999999999796E-002                  4.2448813440799921E-014                  0.0000000000000000E+000                  0.0000000000000000E+000 
                                     380                  4.9997366275887103E+000                  3.6700246442213719E-001                  5.9137086680335047E+000                 -3.4742833941045750E+000                  1.0578392915681350E+001                  7.0000000000000007E-001                  2.8000000000000008E-001                  1.9999999999999796E-002                  5.0797683068702845E-014                  0.0000000000000000E+000                  0.0000000000000000E+000 
                                     381                  4.9997182297484306E+000                  3.6611287236338913E-001                  5.9203405514162277E+000                 -3.4489224823315086E+000                  1.0610226243330434E+001                  7.0000000000000007E-001                  2.8000000000000008E-001                  1.9999999999999796E-002                  6.4043060772162186E-014                  0.0000000000000000E+000                  0.0000000000000000E+000 
                                     382                  4.9996991716388619E+000                  3.6523831316761068E-001                  5.9251785626646694E+000                 -3.4303799087309148E+000                  1.0633490409759892E+001                  7.0000000000000007E-001                  2.8000000000000008E-001                  1.9999999999999796E-002                  7.5799754480994176E-014                  0.0000000000000000E+000                  0.0000000000000000E+000 
                                     383                  4.9996893007669865E+000                  3.6480231097760479E-001                  5.9283796987529449E+000                 -3.4182595168798504E+000                  1.0648739916348273E+001                  7.0000000000000007E-001                  2.8000000000000008E-001                  1.9999999999999796E-002                  8.4689986104145852E-014                  0.0000000000000000E+000                  0.0000000000000000E+000 
                                     384                  4.9996794298951110E+000                  3.6437704544160254E-001                  5.9315469525536235E+000                 -3.4063075437968156E+000                  1.0663789461074467E+001                  7.0000000000000007E-001                  2.8000000000000008E-001                  1.9999999999999796E-002                  9.4483122589046652E-014                  0.0000000000000000E+000                  0.0000000000000000E+000 
                                     385                  4.9996692051279963E+000                  3.6394722332971197E-001                  5.9346797166198213E+000                 -3.3945177246353198E+000                  1.0678644427192991E+001                  7.0000000000000007E-001                  2.8000000000000008E-001                  1.9999999999999796E-002                  1.0525360343183773E-013                  0.0000000000000000E+000                  0.0000000000000000E+000 
                                     386                  4.9996589803608833E+000                  3.6352768370567495E-001                  5.9393510307632749E+000                 -3.3771433909747155E+000                  1.0700595947554651E+001                  7.0000000000000007E-001                  2.8000000000000008E-001                  1.9999999999999796E-002                  1.2353013715183093E-013                  0.0000000000000000E+000                  0.0000000000000000E+000 
                                     387                  4.9996377980602160E+000                  3.6268898638761582E-001                  5.9454341661770274E+000                 -3.3544502040504933E+000                  1.0729248703236834E+001                  7.0000000000000007E-001                  2.8000000000000008E-001                  1.9999999999999796E-002                  1.5208863336263032E-013                  0.0000000000000000E+000                  0.0000000000000000E+000 
                                     388                  4.9996158571683784E+000                  3.6185971787037530E-001                  5.9498979635963920E+000                 -3.3377636175000442E+000                  1.0750308151033712E+001                  7.0000000000000007E-001                  2.8000000000000008E-001                  1.9999999999999796E-002                  1.7709181957138976E-013                  0.0000000000000000E+000                  0.0000000000000000E+000 
                                     389                  4.9996044940748101E+000                  3.6144465121495661E-001                  5.9528606942261719E+000                 -3.3268118622263829E+000                  1.0764166197299959E+001                  7.0000000000000007E-001                  2.8000000000000008E-001                  1.9999999999999796E-002                  1.9581646046999378E-013                  0.0000000000000000E+000                  0.0000000000000000E+000 
                                     390                  4.9995931309812418E+000                  3.6103877134126222E-001                  5.9572887595567368E+000                 -3.3106292527988916E+000                  1.0784698306092599E+001                  7.0000000000000007E-001                  2.8000000000000008E-001                  1.9999999999999796E-002                  2.2738213086537935E-013                  0.0000000000000000E+000                  0.0000000000000000E+000 
                                     391                  4.9995695918836001E+000                  3.6022531037774430E-001                  5.9630799023615371E+000                 -3.2894263215325061E+000                  1.0811589245161429E+001                  7.0000000000000007E-001                  2.8000000000000008E-001                  1.9999999999999796E-002                  2.7632390760441921E-013                  0.0000000000000000E+000                  0.0000000000000000E+000 
                                     392                  4.9995452113176873E+000                  3.5941841300029576E-001                  5.9673461200070053E+000                 -3.2737891761667313E+000                  1.0831416673956406E+001                  7.0000000000000007E-001                  2.8000000000000008E-001                  1.9999999999999796E-002                  3.1887022259515040E-013                  0.0000000000000000E+000                  0.0000000000000000E+000 
                                     393                  4.9995325855342694E+000                  3.5901363803810021E-001                  5.9701830922649979E+000                 -3.2635033434714433E+000                  1.0844492412201658E+001                  7.0000000000000007E-001                  2.8000000000000008E-001                  1.9999999999999796E-002                  3.5056686908780872E-013                  0.0000000000000000E+000                  0.0000000000000000E+000 
                                     394                  4.9995199597508506E+000                  3.5861724175747167E-001                  5.9730030950777211E+000                 -3.2533144259518774E+000                  1.0857455717832478E+001                  7.0000000000000007E-001                  2.8000000000000008E-001                  1.9999999999999796E-002                  3.8510185065586315E-013                  0.0000000000000000E+000                  0.0000000000000000E+000 
                                     395                  4.9995068831965481E+000                  3.5821510531195139E-001                  5.9758051286845131E+000                 -3.2432202608596796E+000                  1.0870307594421568E+001                  7.0000000000000007E-001                  2.8000000000000008E-001                  1.9999999999999796E-002                  4.2268900448029203E-013                  0.0000000000000000E+000                  0.0000000000000000E+000 
                                     396                  4.9994938066422465E+000                  3.5782112597127008E-001                  5.9800020466948940E+000                 -3.2282636439438637E+000                  1.0889399567588615E+001                  7.0000000000000007E-001                  2.8000000000000008E-001                  1.9999999999999796E-002                  4.8563313513940285E-013                  0.0000000000000000E+000                  0.0000000000000000E+000 
                                     397                  4.9994667204085133E+000                  3.5702944498314626E-001                  5.9855108303941327E+000                 -3.2085996786067836E+000                  1.0914491098508760E+001                  7.0000000000000007E-001                  2.8000000000000008E-001                  1.9999999999999796E-002                  5.8242231015990774E-013                  0.0000000000000000E+000                  0.0000000000000000E+000 
                                     398                  4.9994386683882190E+000                  3.5624154489377735E-001                  5.9909605192676905E+000                 -3.1892562045588067E+000                  1.0939207467550512E+001                  7.0000000000000007E-001                  2.8000000000000008E-001                  1.9999999999999796E-002                  6.9654677645965879E-013                  0.0000000000000000E+000                  0.0000000000000000E+000 
                                     399                  4.9994096168050435E+000                  3.5545686556997319E-001                  5.9963537642051028E+000                 -3.1702107362094365E+000                  1.0963573341983304E+001                  7.0000000000000007E-001                  2.8000000000000008E-001                  1.9999999999999796E-002                  8.3081703514841255E-013                  0.0000000000000000E+000                  0.0000000000000000E+000 
                                     400                  4.9993795307299571E+000                  3.5467489131404373E-001                  6.0016924799253522E+000                 -3.1514421327913364E+000                  1.0987611298413189E+001                  7.0000000000000007E-001                  2.8000000000000008E-001                  1.9999999999999796E-002                  9.8844783644643045E-013                  1.2947593000622120E-038                  0.0000000000000000E+000 
                                     401                  4.9993483740422562E+000                  3.5389514706743280E-001                  6.0069781251686907E+000                 -3.1329306714720899E+000                  1.1011342050958179E+001                  7.0000000000000007E-001                  2.8000000000000008E-001                  1.9999999999999796E-002                  1.1731109288932927E-012                  2.3319105174802544E-038                  0.0000000000000000E+000 
                                     402                  4.9993161093893912E+000                  3.5311719474680148E-001                  6.0122121685828844E+000                 -3.1146583592706651E+000                  1.1034784648914167E+001                  7.0000000000000007E-001                  2.8000000000000008E-001                  1.9999999999999796E-002                  1.3890025499553794E-012                  4.1660276078280543E-038                  0.0000000000000000E+000 
                                     403                  4.9992826981455538E+000                  3.5234062924407816E-001                  6.0173963379439854E+000                 -3.0966090357541312E+000                  1.1057956648837289E+001                  7.0000000000000007E-001                  2.8000000000000008E-001                  1.9999999999999796E-002                  1.6409214512135760E-012                  7.3849041291531178E-038                  0.0000000000000000E+000 
                                     404                  4.9992481003689839E+000                  3.5156507442967899E-001                  6.0225325785907664E+000                 -3.0787681698953584E+000                  1.1080874264977409E+001                  7.0000000000000007E-001                  2.8000000000000008E-001                  1.9999999999999796E-002                  1.9343527782910274E-012                  1.2993054234452059E-037                  0.0000000000000000E+000 
                                     405                  4.9992122747580865E+000                  3.5079017967249082E-001                  6.0276229980603127E+000                 -3.0611226576536459E+000                  1.1103552501307023E+001                  7.0000000000000007E-001                  2.8000000000000008E-001                  1.9999999999999796E-002                  2.2755629761292964E-012                  2.2696368030961398E-037                  0.0000000000000000E+000 
                                     406                  4.9991751786060270E+000                  3.5001561683634463E-001                  6.0326698214174712E+000                 -3.0436606510918107E+000                  1.1126005267904567E+001                  7.0000000000000007E-001                  2.8000000000000008E-001                  1.9999999999999796E-002                  2.6717077967890118E-012                  3.9374698212808515E-037                  0.0000000000000000E+000 
                                     407                  4.9991367677536171E+000                  3.4924107766957585E-001                  6.0376753554558356E+000                 -3.0263714147918686E+000                  1.1148245483828182E+001                  6.9999999999999996E-001                  2.8000000000000003E-001                  2.0000000000000018E-002                  3.1309552395587220E-012                  6.7862741363053511E-037                  0.0000000000000000E+000 
                                     408                  4.9990969965407110E+000                  3.4846627152518078E-001                  6.0426419602367512E+000                 -3.0092451997214078E+000                  1.1170285168246567E+001                  6.9999999999999996E-001                  2.8000000000000003E-001                  2.0000000000000018E-002                  3.6626255655720607E-012                  1.1623468749212015E-036                  0.0000000000000000E+000 
                                     409                  4.9990558177560569E+000                  3.4769092336514557E-001                  6.0475720267089486E+000                 -2.9922731332115049E+000                  1.1192135521395926E+001                  7.0000000000000007E-001                  2.8000000000000008E-001                  1.9999999999999796E-002                  4.2773508168817629E-012                  1.9790908298189346E-036                  0.0000000000000000E+000 
                                     410                  4.9990131825855890E+000                  3.4691477200779902E-001                  6.0524679565422064E+000                 -2.9754471216844340E+000                  1.1213806996698297E+001                  7.0000000000000007E-001                  2.8000000000000008E-001                  1.9999999999999796E-002                  4.9872563234694919E-012                  3.3508464346735799E-036                  0.0000000000000000E+000 
                                     411                  4.9989690405590590E+000                  3.4613756858560019E-001                  6.0573320845942371E+000                 -2.9587596991854621E+000                  1.1235309365150929E+001                  7.0000000000000007E-001                  2.8000000000000008E-001                  1.9999999999999796E-002                  5.8061600009153743E-012                  5.6432591301544702E-036                  0.0000000000000000E+000 
                                     412                  4.9989233394951134E+000                  3.4535907530497567E-001                  6.0621665550978490E+000                 -2.9422038312006173E+000                  1.1256651772855690E+001                  6.9999999999999996E-001                  2.8000000000000003E-001                  2.0000000000000018E-002                  6.7497864834114466E-012                  9.4560470768923684E-036                  0.0000000000000000E+000 
                                     413                  4.9988760254449822E+000                  3.4457906458882931E-001                  6.0669732763059656E+000                 -2.9257728119365738E+000                  1.1277842792607139E+001                  6.9999999999999996E-001                  2.8000000000000003E-001                  2.0000000000000018E-002                  7.8360091936746555E-012                  1.5768809505809552E-035                  0.0000000000000000E+000 
                                     414                  4.9988270426340282E+000                  3.4379731842012989E-001                  6.0717539440024177E+000                 -2.9094602425865381E+000                  1.1298890470363387E+001                  6.9999999999999996E-001                  2.8000000000000003E-001                  2.0000000000000018E-002                  9.0851283070171395E-012                  2.6175353613140172E-035                  0.0000000000000000E+000 
                                     415                  4.9987763334012074E+000                  3.4301362774233973E-001                  6.0765100643830374E+000                 -2.8932600133082400E+000                  1.1319802367125325E+001                  7.0000000000000007E-001                  2.8000000000000008E-001                  1.9999999999999796E-002                  1.0520182971288211E-011                  4.3258928868263807E-035                  0.0000000000000000E+000 
                                     416                  4.9987238381366073E+000                  3.4222779191089464E-001                  6.0812429738772513E+000                 -2.8771662864858807E+000                  1.1340585596717110E+001                  7.0000000000000007E-001                  2.8000000000000008E-001                  1.9999999999999796E-002                  1.2167301358609764E-011                  7.1191003684476908E-035                  0.0000000000000000E+000 
                                     417                  4.9986694952169808E+000                  3.4143961819097030E-001                  6.0859538564071602E+000                 -2.8611734814996246E+000                  1.1361246859940611E+001                  7.0000000000000007E-001                  2.8000000000000014E-001                  1.9999999999999796E-002                  1.4056092821531987E-011                  1.1668354454092316E-034                  0.0000000000000000E+000 
                                     418                  4.9986132409392461E+000                  3.4064892129658986E-001                  6.0906437584925586E+000                 -2.8452762601790886E+000                  1.1381792475514828E+001                  7.0000000000000007E-001                  2.8000000000000014E-001                  1.9999999999999796E-002                  1.6220086860187295E-011                  1.9049840418274962E-034                  0.0000000000000000E+000 
                                     419                  4.9985550094518345E+000                  3.3985552296791594E-001                  6.0953136025428627E+000                 -2.8294695115479476E+000                  1.1402228408141003E+001                  6.9999999999999996E-001                  2.8000000000000008E-001                  2.0000000000000018E-002                  1.8697224181551867E-011                  3.0983197655043587E-034                  0.0000000000000000E+000 
                                     420                  4.9984947326839739E+000                  3.3905925158771061E-001                  6.0999641985974895E+000                 -2.8137483386095301E+000                  1.1422560293925184E+001                  6.9999999999999996E-001                  2.8000000000000008E-001                  2.0000000000000018E-002                  2.1530405487128973E-011                  5.0207046097711088E-034                  0.0000000000000000E+000 
                                     421                  4.9984323402732116E+000                  3.3825994183702840E-001                  6.1045962657472268E+000                 -2.7981080586070917E+000                  1.1442793463491000E+001                  6.9999999999999996E-001                  2.8000000000000008E-001                  2.0000000000000018E-002                  2.4768109703254319E-011                  8.1068550826986350E-034                  0.0000000000000000E+000 
                                     422                  4.9983677594904821E+000                  3.3745743435487396E-001                  6.1092104958643798E+000                 -2.7825442524787487E+000                  1.1462932963144855E+001                  6.9999999999999996E-001                  2.8000000000000008E-001                  2.0000000000000018E-002                  2.8465112295835051E-011                  1.3044676434091467E-033                  0.0000000000000000E+000 
                                     423                  4.9983009151625826E+000                  3.3665157530815937E-001                  6.1138076107858437E+000                 -2.7670528068275639E+000                  1.1482983574286807E+001                  7.0000000000000007E-001                  2.8000000000000019E-001                  1.9999999999999796E-002                  3.2683306637497519E-011                  2.0919516675018094E-033                  0.0000000000000000E+000 
                                     424                  4.9982317295921685E+000                  3.3584221588418450E-001                  6.1183883668066379E+000                 -2.7516299000599274E+000                  1.1502949831230303E+001                  7.0000000000000007E-001                  2.8000000000000019E-001                  1.9999999999999796E-002                  3.7492612025618456E-011                  3.3438922556247457E-033                  0.0000000000000000E+000 
                                     425                  4.9981601224751930E+000                  3.3502921180619066E-001                  6.1229535471583079E+000                 -2.7362719771775041E+000                  1.1522836037590279E+001                  7.0000000000000007E-001                  2.8000000000000019E-001                  1.9999999999999796E-002                  4.2971989724181536E-011                  5.3281979990540310E-033                  0.0000000000000000E+000 
                                     426                  4.9980860108157179E+000                  3.3421242289227054E-001                  6.1275039556042685E+000                 -2.7209757278720788E+000                  1.1542646281377719E+001                  7.0000000000000007E-001                  2.8000000000000019E-001                  1.9999999999999796E-002                  4.9210586042596150E-011                  8.4641059544828568E-033                  0.0000000000000000E+000 
                                     427                  4.9980093088379958E+000                  3.3339171265126122E-001                  6.1320404110066562E+000                 -2.7057380658550847E+000                  1.1562384448920485E+001                  6.9999999999999996E-001                  2.8000000000000019E-001                  1.9999999999999796E-002                  5.6309018465481045E-011                  1.3406009850059273E-032                  0.0000000000000000E+000 
                                     428                  4.9979299278957647E+000                  3.3256694791340141E-001                  6.1365637427311990E+000                 -2.6905561099929933E+000                  1.1582054237670533E+001                  6.9999999999999996E-001                  2.8000000000000019E-001                  1.9999999999999796E-002                  6.4380822662404953E-011                  2.1172903052098138E-032                  0.0000000000000000E+000 
                                     429                  4.9978477763790661E+000                  3.3173799849631957E-001                  6.1410747867708846E+000                 -2.6754271678904624E+000                  1.1601659167965012E+001                  6.9999999999999984E-001                  2.8000000000000025E-001                  1.9999999999999907E-002                  7.3554080354097884E-011                  3.3347860510031256E-032                  0.0000000000000000E+000 
                                     430                  4.9977627596184462E+000                  3.3090473690082056E-001                  6.1455743825032902E+000                 -2.6603487215974200E+000                  1.1621202593896758E+001                  6.9999999999999984E-001                  2.8000000000000025E-001                  1.9999999999999907E-002                  8.3973250607704649E-011                  5.2384875929143113E-032                  0.0000000000000000E+000 
                                     431                  4.9976747797860765E+000                  3.3006703802812293E-001                  6.1500633700055678E+000                 -2.6453184146962467E+000                  1.1640687713413250E+001                  6.9999999999999984E-001                  2.8000000000000036E-001                  1.9999999999999796E-002                  9.5801230068024523E-011                  8.2079982892735854E-032                  0.0000000000000000E+000 
                                     432                  4.9975837357937625E+000                  3.2922477891681462E-001                  6.1545425931253428E+000                 -2.6303340450767410E+000                  1.1660117577702254E+001                  6.9999999999999984E-001                  2.8000000000000036E-001                  1.9999999999999796E-002                  1.0922168204442076E-010                  1.2829344823775708E-031                  0.0000000000000000E+000 
                                     433                  4.9974895231877339E+000                  3.2837783848851237E-001                  6.1590129230673627E+000                 -2.6153935817013929E+000                  1.1679495099927570E+001                  6.9999999999999973E-001                  2.8000000000000042E-001                  1.9999999999999796E-002                  1.2444171159116579E-010                  2.0005548625277627E-031                  0.0000000000000000E+000 
                                     434                  4.9973920340401259E+000                  3.2752609725481763E-001                  6.1634752808563364E+000                 -2.6004951809679717E+000                  1.1698823063381225E+001                  6.9999999999999973E-001                  2.8000000000000047E-001                  1.9999999999999796E-002                  1.4169491375669251E-010                  3.1125716528991311E-031                  0.0000000000000000E+000 
                                     435                  4.9972911568370284E+000                  3.2666943698420425E-001                  6.1679306379346670E+000                 -2.5856371804757927E+000                  1.1718104129112175E+001                  6.9999999999999962E-001                  2.8000000000000047E-001                  1.9999999999999907E-002                  1.6124479185977278E-010                  4.8323296026539295E-031                  0.0000000000000000E+000 
                                     436                  4.9971867763629909E+000                  3.2580774037158355E-001                  6.1723800121765864E+000                 -2.5708180865615606E+000                  1.1737340843061954E+001                  6.9999999999999951E-001                  2.8000000000000053E-001                  2.0000000000000018E-002                  1.8338861814682920E-010                  7.4870118192459372E-031                  0.0000000000000000E+000 
                                     437                  4.9970787735820359E+000                  3.2494089072413779E-001                  6.1768244646503874E+000                 -2.5560365632839952E+000                  1.1756535642693121E+001                  6.9999999999999951E-001                  2.8000000000000064E-001                  1.9999999999999796E-002                  2.0846180743885888E-010                  1.1577710663378481E-030                  0.0000000000000000E+000 
                                     438                  4.9969670255155707E+000                  3.2406877166426246E-001                  6.1812650970588665E+000                 -2.5412914232490147E+000                  1.1775690863136072E+001                  6.9999999999999929E-001                  2.8000000000000069E-001                  2.0000000000000018E-002                  2.3684287488285475E-010                  1.7870937040828110E-030                  0.0000000000000000E+000 
                                     439                  4.9968514051168871E+000                  3.2319126684407434E-001                  6.1857030498083345E+000                 -2.5265816201039355E+000                  1.1794808742942370E+001                  6.9999999999999940E-001                  2.8000000000000080E-001                  1.9999999999999796E-002                  2.6895905958580861E-010                  2.7537937895912408E-030                  0.0000000000000000E+000 
                                     440                  4.9967317811418779E+000                  3.2230825966558074E-001                  6.1901395006609015E+000                 -2.5119062419233451E+000                  1.1813891429505889E+001                  6.9999999999999929E-001                  2.8000000000000091E-001                  1.9999999999999796E-002                  3.0529270850416283E-010                  4.2366700492693303E-030                  0.0000000000000000E+000 
                                     441                  4.9966080180158157E+000                  3.2141963300446669E-001                  6.1945756639326168E+000                 -2.4972645041672679E+000                  1.1832940984182736E+001                  6.9999999999999918E-001                  2.8000000000000103E-001                  1.9999999999999796E-002                  3.4638852999446404E-010                  6.5084461398687258E-030                  0.0000000000000000E+000 
                                     442                  4.9964799756960563E+000                  3.2052526893813316E-001                  6.1990127902024668E+000                 -2.4826557442662645E+000                  1.1851959387136132E+001                  6.9999999999999885E-001                  2.8000000000000114E-001                  2.0000000000000018E-002                  3.9286184097770309E-010                  9.9848226598995164E-030                  0.0000000000000000E+000 
                                     443                  4.9963475095305379E+000                  3.1962504847455092E-001                  6.2034521573800960E+000                 -2.4680794072062717E+000                  1.1870948541930732E+001                  6.9999999999999873E-001                  2.8000000000000119E-001                  2.0000000000000018E-002                  4.4540787846747688E-010                  1.5299067156335864E-029                  0.0000000000000000E+000 
                                     444                  4.9962104701119259E+000                  3.1871885130050254E-001                  6.2078949896996507E+000                 -2.4535349530506334E+000                  1.1889910279887641E+001                  6.9999999999999873E-001                  2.8000000000000141E-001                  1.9999999999999796E-002                  5.0481169721273020E-010                  2.3415289989076921E-029                  0.0000000000000000E+000 
                                     445                  4.9960687031273556E+000                  3.1780655571510574E-001                  6.2123423536345852E+000                 -2.4390217387838522E+000                  1.1908846364136656E+001                  6.9999999999999851E-001                  2.8000000000000164E-001                  1.9999999999999796E-002                  5.7195873279544363E-010                  3.5800246304436126E-029                  0.0000000000000000E+000 
                                     446                  4.9959220492043643E+000                  3.1688803881612421E-001                  6.2167951332425728E+000                 -2.4245389875217520E+000                  1.1927758493309165E+001                  6.9999999999999829E-001                  2.8000000000000191E-001                  1.9999999999999796E-002                  6.4784696940149899E-010                  5.4683828980744875E-029                  0.0000000000000000E+000 
                                     447                  4.9957703437528682E+000                  3.1596317676375157E-001                  6.2212540420574820E+000                 -2.4100857983025299E+000                  1.1946648304924640E+001                  6.9999999999999796E-001                  2.8000000000000208E-001                  2.0000000000000018E-002                  7.3360080701296542E-010                  8.3453779015525546E-029                  0.0000000000000000E+000 
                                     448                  4.9956134168026436E+000                  3.1503184503501741E-001                  6.2257196336519485E+000                 -2.3956611548397198E+000                  1.1965517378529764E+001                  6.9999999999999774E-001                  2.8000000000000241E-001                  1.9999999999999796E-002                  8.3048654237277647E-010                  1.2725321710248736E-028                  0.0000000000000000E+000 
                                     449                  4.9954510928360998E+000                  3.1409391867042163E-001                  6.2301923109163901E+000                 -2.3812639330570056E+000                  1.1984367238613103E+001                  6.9999999999999740E-001                  2.8000000000000264E-001                  2.0000000000000018E-002                  9.3992963100804643E-010                  1.9388439580427775E-028                  0.0000000000000000E+000 
                                     450                  4.9952831906162398E+000                  3.1314927251504943E-001                  6.2346723342941557E+000                 -2.3668929071677880E+000                  1.2003199357313326E+001                  6.9999999999999718E-001                  2.8000000000000308E-001                  1.9999999999999796E-002                  1.0635339147972164E-009                  2.9517426592067772E-028                  0.0000000000000000E+000 
                                     451                  4.9951095230096358E+000                  3.1219778145713561E-001                  6.2391598291717756E+000                 -2.3525467552641079E+000                  1.2022015156928921E+001                  6.9999999999999662E-001                  2.8000000000000347E-001                  1.9999999999999907E-002                  1.2031030125373539E-009                  4.4903566027801585E-028                  0.0000000000000000E+000 
                                     452                  4.9949298968044342E+000                  3.1123932066581822E-001                  6.2436547925818404E+000                 -2.3382240644049079E+000                  1.2040816012200478E+001                  6.9999999999999629E-001                  2.8000000000000391E-001                  1.9999999999999796E-002                  1.3606640879068891E-009                  6.8257488521296641E-028                  0.0000000000000000E+000 
                                     453                  4.9947441125239669E+000                  3.1027376583282179E-001                  6.2481570993582611E+000                 -2.3239233353915147E+000                  1.2059603252364338E+001                  6.9999999999999563E-001                  2.8000000000000441E-001                  2.0000000000000018E-002                  1.5384942253310799E-009                  1.0367711695246885E-027                  0.0000000000000000E+000 
                                     454                  4.9945519642356082E+000                  3.0930099341697265E-001                  6.2526665114556366E+000                 -2.3096429910978586E+000                  1.2078378163025565E+001                  6.9999999999999518E-001                  2.8000000000000497E-001                  1.9999999999999796E-002                  1.7391497701627870E-009                  1.5735141219158725E-027                  0.0000000000000000E+000 
                                     455                  4.9943532393544841E+000                  3.0832088088188336E-001                  6.2571827426709934E+000                 -2.2953814453797290E+000                  1.2097141987876736E+001                  6.9999999999999440E-001                  2.8000000000000558E-001                  2.0000000000000018E-002                  1.9655007608084247E-009                  2.3861836578749687E-027                  0.0000000000000000E+000 
                                     456                  4.9941477184419698E+000                  3.0733330678831011E-001                  6.2617055623812803E+000                 -2.2811372146393132E+000                  1.2115895930294931E+001                  6.9999999999999385E-001                  2.8000000000000635E-001                  1.9999999999999796E-002                  2.2207717966702855E-009                  3.6155554701513794E-027                  0.0000000000000000E+000 
                                     457                  4.9939351749988905E+000                  3.0633815063532766E-001                  6.2662348387899085E+000                 -2.2669089628445040E+000                  1.2134641154867154E+001                  6.9999999999999307E-001                  2.8000000000000719E-001                  1.9999999999999796E-002                  2.5085873367139386E-009                  5.4736895840052255E-027                  0.0000000000000000E+000 
                                     458                  4.9937153752533101E+000                  3.0533529259089603E-001                  6.2707705342070268E+000                 -2.2526954947490201E+000                  1.2153378788817584E+001                  6.9999999999999196E-001                  2.8000000000000808E-001                  2.0000000000000018E-002                  2.8330214318615623E-009                  8.2797774338573390E-027                  0.0000000000000000E+000 
                                     459                  4.9934880779440762E+000                  3.0432461323220178E-001                  6.2753126993646164E+000                 -2.2384957491447137E+000                  1.2172109923216855E+001                  6.9999999999999107E-001                  2.8000000000000919E-001                  1.9999999999999796E-002                  3.1986536939518033E-009                  1.2513909379769663E-026                  0.0000000000000000E+000 
                                     460                  4.9932530341021639E+000                  3.0330599330441282E-001                  6.2798614681348450E+000                 -2.2243087918812421E+000                  1.2190835614128002E+001                  6.9999999999998974E-001                  2.8000000000001030E-001                  2.0000000000000018E-002                  3.6106323630464633E-009                  1.8897681673894402E-026                  0.0000000000000000E+000 
                                     461                  4.9930099868246893E+000                  3.0227931347504317E-001                  6.2844170527025769E+000                 -2.2101338085813498E+000                  1.2209556883850906E+001                  6.9999999999998841E-001                  2.8000000000001163E-001                  2.0000000000000018E-002                  4.0747454088095959E-009                  2.8514988632879578E-026                  0.0000000000000000E+000 
                                     462                  4.9927586710425684E+000                  3.0124445409060768E-001                  6.2889797391754332E+000                 -2.1959700964229363E+000                  1.2228274722163587E+001                  6.9999999999998685E-001                  2.8000000000001313E-001                  2.0000000000000018E-002                  4.5975007348836496E-009                  4.2992968345957573E-026                  0.0000000000000000E+000 
                                     463                  4.9924988132828387E+000                  3.0020129494289222E-001                  6.2935498836039123E+000                 -2.1818170608383807E+000                  1.2246990087515401E+001                  6.9999999999998530E-001                  2.8000000000001485E-001                  1.9999999999999796E-002                  5.1862166316188140E-009                  6.4772978342926164E-026                  0.0000000000000000E+000 
                                     464                  4.9922301314256385E+000                  2.9914971503362842E-001                  6.2981279083777171E+000                 -2.1676742112344076E+000                  1.2265703908118626E+001                  6.9999999999998341E-001                  2.8000000000001679E-001                  1.9999999999999796E-002                  5.8491238811490251E-009                  9.7516307031621599E-026                  0.0000000000000000E+000 
                                     465                  4.9919523344575527E+000                  2.9808959234631716E-001                  6.3027142955324535E+000                 -2.1535411527842037E+000                  1.2284417082600127E+001                  6.9999999999998119E-001                  2.8000000000001890E-001                  1.9999999999999907E-002                  6.5954806905830796E-009                  1.4671148629046495E-025                  0.0000000000000000E+000 
                                     466                  4.9916651222305308E+000                  2.9702080366852296E-001                  6.3073095278788065E+000                 -2.1394175189366949E+000                  1.2303130480428974E+001                  6.9999999999997886E-001                  2.8000000000002123E-001                  1.9999999999999907E-002                  7.4356959372595676E-009                  2.2058236560934615E-025                  0.0000000000000000E+000 
                                     467                  4.9913681852132123E+000                  2.9594322455906480E-001                  6.3119139933291253E+000                 -2.1253028668965914E+000                  1.2321844942637044E+001                  6.9999999999997597E-001                  2.8000000000002406E-001                  2.0000000000000018E-002                  8.3814591744682679E-009                  3.3144393442303053E-025                  0.0000000000000000E+000 
                                     468                  4.9910612042318672E+000                  2.9485672955399272E-001                  6.3165279456716785E+000                 -2.1111966363139705E+000                  1.2340561282653686E+001                  6.9999999999997298E-001                  2.8000000000002712E-001                  1.9999999999999907E-002                  9.4458875625259253E-009                  4.9772563468932851E-025                  0.0000000000000000E+000 
                                     469                  4.9907438502062469E+000                  2.9376119248732302E-001                  6.3211515099286446E+000                 -2.0970981545042036E+000                  1.2359280287046261E+001                  6.9999999999996965E-001                  2.8000000000003056E-001                  1.9999999999999796E-002                  1.0643693353106773E-008                  7.4698884988502117E-025                  0.0000000000000000E+000 
                                     470                  4.9904157838804357E+000                  2.9265648681466400E-001                  6.3257846882690343E+000                 -2.0830066420150053E+000                  1.2378002716038043E+001                  6.9999999999996565E-001                  2.8000000000003450E-001                  1.9999999999999796E-002                  1.1991369814944356E-008                  1.1204222344086912E-024                  0.0000000000000000E+000 
                                     471                  4.9900766555535085E+000                  2.9154248595447191E-001                  6.3304273653254999E+000                 -2.0689212176349407E+000                  1.2396729303565650E+001                  6.9999999999996121E-001                  2.8000000000003883E-001                  2.0000000000000018E-002                  1.3507397221607260E-008                  1.6795314969059992E-024                  0.0000000000000000E+000 
                                     472                  4.9897261048154444E+000                  2.9041906366367409E-001                  6.3350793131364131E+000                 -2.0548409041175737E+000                  1.2415460757292484E+001                  6.9999999999995632E-001                  2.8000000000004388E-001                  1.9999999999999796E-002                  1.5212470768810108E-008                  2.5160834097729913E-024                  0.0000000000000000E+000 
                                     473                  4.9893637602702317E+000                  2.8928609438442288E-001                  6.3397401959091573E+000                 -2.0407646331277225E+000                  1.2434197758967322E+001                  6.9999999999995077E-001                  2.8000000000004927E-001                  2.0000000000000018E-002                  1.7129752511876283E-008                  3.7668686881980566E-024                  0.0000000000000000E+000 
                                     474                  4.9889892392491113E+000                  2.8814345357669413E-001                  6.3444095746514328E+000                 -2.0266912504728745E+000                  1.2452940964947175E+001                  6.9999999999994456E-001                  2.8000000000005554E-001                  1.9999999999999907E-002                  1.9285149467761119E-008                  5.6355894002927144E-024                  0.0000000000000000E+000 
                                     475                  4.9886021475152278E+000                  2.8699101804171079E-001                  6.3490869118036741E+000                 -2.0126195225663914E+000                  1.2471691007121098E+001                  6.9999999999993745E-001                  2.8000000000006253E-001                  2.0000000000000018E-002                  2.1707620173942215E-008                  8.4252617360002161E-024                  0.0000000000000000E+000 
                                     476                  4.9882020789463164E+000                  2.8582866619518493E-001                  6.3537715728723789E+000                 -1.9985481334077315E+000                  1.2490448495121511E+001                  6.9999999999992957E-001                  2.8000000000007047E-001                  2.0000000000000018E-002                  2.4429511396375276E-008                  1.2586109191113187E-023                  0.0000000000000000E+000 
                                     477                  4.9877886151651891E+000                  2.8465627823601386E-001                  6.3584628041562690E+000                 -1.9844756566781989E+000                  1.2509214018890361E+001                  6.9999999999992069E-001                  2.8000000000007946E-001                  1.9999999999999796E-002                  2.7486917458094350E-008                  1.8786196699923433E-023                  0.0000000000000000E+000 
                                     478                  4.9873613251770319E+000                  2.8347373646120888E-001                  6.3631597038782459E+000                 -1.9704005228408814E+000                  1.2527988150356043E+001                  6.9999999999991080E-001                  2.8000000000008946E-001                  1.9999999999999796E-002                  3.0920064277439887E-008                  2.8015363232500912E-023                  0.0000000000000000E+000 
                                     479                  4.9869197650060180E+000                  2.8228092571945063E-001                  6.3678612200717541E+000                 -1.9563210185146811E+000                  1.2546771444817832E+001                  6.9999999999989937E-001                  2.8000000000010067E-001                  2.0000000000000018E-002                  3.4773732783024413E-008                  4.1737839893104475E-023                  0.0000000000000000E+000 
                                     480                  4.9864634773155556E+000                  2.8107773387530355E-001                  6.3725661607141344E+000                 -1.9422352939724141E+000                  1.2565564443271265E+001                  6.9999999999988682E-001                  2.8000000000011332E-001                  1.9999999999999796E-002                  3.9097723195276357E-008                  6.2115824421337908E-023                  0.0000000000000000E+000 
                                     481                  4.9859919909664718E+000                  2.7986405214711046E-001                  6.3772732049783887E+000                 -1.9281413681530661E+000                  1.2584367677431800E+001                  6.9999999999987261E-001                  2.8000000000012748E-001                  1.9999999999999907E-002                  4.3947359463735069E-008                  9.2336153087495674E-023                  0.0000000000000000E+000 
                                     482                  4.9855048204545884E+000                  2.7863977519590022E-001                  6.3819809148459887E+000                 -1.9140371364322897E+000                  1.2603181674497842E+001                  6.9999999999985663E-001                  2.8000000000014341E-001                  2.0000000000000018E-002                  4.9384035688401161E-008                  1.3708631007897410E-022                  0.0000000000000000E+000 
                                     483                  4.9850014654104440E+000                  2.7740480144412499E-001                  6.3866877464373610E+000                 -1.8999203825447886E+000                  1.2622006958939231E+001                  6.9999999999983875E-001                  2.8000000000016123E-001                  2.0000000000000018E-002                  5.5475806145801400E-008                  2.0324600398035380E-022                  0.0000000000000000E+000 
                                     484                  4.9844814101237072E+000                  2.7615903349481541E-001                  6.3913920614953526E+000                 -1.8857887910813966E+000                  1.2640844053034360E+001                  6.9999999999981888E-001                  2.8000000000018127E-001                  1.9999999999999796E-002                  6.2298021781443325E-008                  3.0088887890869738E-022                  0.0000000000000000E+000 
                                     485                  4.9839441230621144E+000                  2.7490237856460720E-001                  6.3960921393341730E+000                 -1.8716399584399919E+000                  1.2659693477429476E+001                  6.9999999999979623E-001                  2.8000000000020375E-001                  2.0000000000000018E-002                  6.9934016322110696E-008                  4.4472871523186773E-022                  0.0000000000000000E+000 
                                     486                  4.9833890563524514E+000                  2.7363474885716421E-001                  6.4007861895427691E+000                 -1.8574714052812749E+000                  1.2678555752452381E+001                  6.9999999999977136E-001                  2.8000000000022890E-001                  1.9999999999999796E-002                  7.8475845009579904E-008                  6.5620033816528880E-022                  0.0000000000000000E+000 
                                     487                  4.9828156452087136E+000                  2.7235606184556077E-001                  6.4054724139769048E+000                 -1.8432806435527982E+000                  1.2697431398810577E+001                  6.9999999999974316E-001                  2.8000000000025699E-001                  1.9999999999999796E-002                  8.8025143235407858E-008                  9.6644669149244156E-022                  0.0000000000000000E+000 
                                     488                  4.9822233073957563E+000                  2.7106624050388750E-001                  6.4101491848053946E+000                 -1.8290653717536360E+000                  1.2716320936833085E+001                  6.9999999999971152E-001                  2.8000000000028863E-001                  1.9999999999999796E-002                  9.8694258775709219E-008                  1.4206060271605984E-021                  0.0000000000000000E+000 
                                     489                  4.9816114427005758E+000                  2.6976521301576034E-001                  6.4148151767763322E+000                 -1.8148236205953974E+000                  1.2735224885193142E+001                  6.9999999999967621E-001                  2.8000000000032388E-001                  1.9999999999999907E-002                  1.1060755135860574E-007                  2.0839536802361838E-021                  0.0000000000000000E+000 
                                     490                  4.9809794324011269E+000                  2.6845291204738420E-001                  6.4194693623201768E+000                 -1.8005537495043966E+000                  1.2754143759143158E+001                  6.9999999999963669E-001                  2.8000000000036346E-001                  1.9999999999999796E-002                  1.2390270384008304E-007                  3.0506710717115101E-021                  0.0000000000000000E+000 
                                     491                  4.9803266387537493E+000                  2.6712927405396714E-001                  6.4241109864378396E+000                 -1.7862544211664046E+000                  1.2773078068228441E+001                  6.9999999999959250E-001                  2.8000000000040748E-001                  2.0000000000000018E-002                  1.3873215334420994E-007                  4.4563448274142264E-021                  0.0000000000000000E+000 
                                     492                  4.9796524044897312E+000                  2.6579423865937524E-001                  6.4287395423657436E+000                 -1.7719245749001269E+000                  1.2792028314613605E+001                  6.9999999999954343E-001                  2.8000000000045677E-001                  1.9999999999999796E-002                  1.5526468080604125E-007                  6.4957522601599043E-021                  0.0000000000000000E+000 
                                     493                  4.9789560522571001E+000                  2.6444774798665521E-001                  6.4333547483912206E+000                 -1.7575634042047261E+000                  1.2810994992297664E+001                  6.9999999999948836E-001                  2.8000000000051184E-001                  1.9999999999999796E-002                  1.7368717551271252E-007                  9.4481262471720675E-021                  0.0000000000000000E+000 
                                     494                  4.9782368840440308E+000                  2.6308974601055674E-001                  6.4379565258631457E+000                 -1.7431703342988254E+000                  1.2829978586473748E+001                  6.9999999999942686E-001                  2.8000000000057335E-001                  1.9999999999999796E-002                  1.9420659535912651E-007                  1.3712988801590401E-020                  0.0000000000000000E+000 
                                     495                  4.9774941805928181E+000                  2.6172017795328817E-001                  6.4425449784596216E+000                 -1.7287450001528497E+000                  1.2848979572580708E+001                  6.9999999999935825E-001                  2.8000000000064174E-001                  2.0000000000000018E-002                  2.1705214487793453E-007                  1.9860901083692198E-020                  0.0000000000000000E+000 
                                     496                  4.9767272008307364E+000                  2.6033898977193087E-001                  6.4471203726886328E+000                 -1.7142872235324829E+000                  1.2867998414450069E+001                  6.9999999999928186E-001                  2.8000000000071806E-001                  2.0000000000000018E-002                  2.4247769639957894E-007                  2.8705243371342216E-020                  0.0000000000000000E+000 
                                     497                  4.9759351813476478E+000                  2.5894612778967291E-001                  6.4516831185529258E+000                 -1.6997969942074143E+000                  1.2887035562750583E+001                  6.9999999999919682E-001                  2.8000000000080327E-001                  1.9999999999999907E-002                  2.7076447438893418E-007                  4.1403611804950533E-020                  0.0000000000000000E+000 
                                     498                  4.9751173358044269E+000                  2.5754153824746745E-001                  6.4562336859631557E+000                 -1.6852743823900127E+000                  1.2906091454633147E+001                  6.9999999999910190E-001                  2.8000000000089820E-001                  1.9999999999999907E-002                  3.0222375290180328E-007                  5.9600616525222012E-020                  0.0000000000000000E+000 
                                     499                  4.9742728543065944E+000                  2.5612516707612448E-001                  6.4607724361117516E+000                 -1.6707193551630741E+000                  1.2925166513687094E+001                  6.9999999999899609E-001                  2.8000000000100395E-001                  2.0000000000000018E-002                  3.3719928352312588E-007                  8.5628052142657942E-020                  0.0000000000000000E+000 
                                     500                  4.9734009027658690E+000                  2.5469696026518251E-001                  6.4652995281245369E+000                 -1.6561316737899969E+000                  1.2944261149688975E+001                  6.9999999999887852E-001                  2.8000000000112163E-001                  1.9999999999999796E-002                  3.7606995240609225E-007                  1.2278494436507866E-019                  0.0000000000000000E+000 
                                     501                  4.9725006222608474E+000                  2.5325686461301300E-001                  6.4698149307713901E+000                 -1.6415109055882138E+000                  1.2963375757429445E+001                  6.9999999999874762E-001                  2.8000000000125264E-001                  1.9999999999999796E-002                  4.1925299401783714E-007                  1.7572883199202345E-019                  0.0000000000000000E+000 
                                     502                  4.9715711284523900E+000                  2.5180482857906233E-001                  6.4743184404908014E+000                 -1.6268564479098426E+000                  1.2982510715080206E+001                  6.9999999999860185E-001                  2.8000000000139830E-001                  1.9999999999999796E-002                  4.6720747920437187E-007                  2.5102078890851466E-019                  0.0000000000000000E+000 
                                     503                  4.9706115109685660E+000                  2.5034080305171102E-001                  6.4788096982839498E+000                 -1.6121675483580160E+000                  1.3001666383155458E+001                  6.9999999999843976E-001                  2.8000000000156039E-001                  1.9999999999999796E-002                  5.2043807091689703E-007                  3.5788247130839092E-019                  0.0000000000000000E+000 
                                     504                  4.9696208327461528E+000                  2.4886474202575329E-001                  6.4832882056455281E+000                 -1.5974433232964729E+000                  1.3020843103781251E+001                  6.9999999999825968E-001                  2.8000000000174052E-001                  1.9999999999999796E-002                  5.7949906191102502E-007                  5.0924466981305904E-019                  0.0000000000000000E+000 
                                     505                  4.9685981293602941E+000                  2.4737660324493949E-001                  6.4877533396175391E+000                 -1.5826827760158204E+000                  1.3040041199860520E+001                  6.9999999999805929E-001                  2.8000000000194086E-001                  1.9999999999999796E-002                  6.4499870837428209E-007                  7.2319532008433177E-019                  0.0000000000000000E+000 
                                     506                  4.9675424083488657E+000                  2.4587634881718989E-001                  6.4922043669831213E+000                 -1.5678848127929221E+000                  1.3059260973570844E+001                  6.9999999999783702E-001                  2.8000000000216313E-001                  1.9999999999999796E-002                  7.1760387693625738E-007                  1.0249730459738701E-018                  0.0000000000000000E+000 
                                     507                  4.9664526485912663E+000                  2.4436394588888141E-001                  6.4966404577367873E+000                 -1.5530482592924608E+000                  1.3078502704238911E+001                  6.9999999999759011E-001                  2.8000000000241015E-001                  1.9999999999999796E-002                  7.9804501875946780E-007                  1.4497031190036053E-018                  0.0000000000000000E+000 
                                     508                  4.9653277996922194E+000                  2.4283936729504205E-001                  6.5010606985306989E+000                 -1.5381718774102344E+000                  1.3097766646488690E+001                  6.9999999999731599E-001                  2.8000000000268410E-001                  1.9999999999999907E-002                  8.8712149524686308E-007                  2.0461402306431062E-018                  0.0000000000000000E+000 
                                     509                  4.9641667813290740E+000                  2.4130259212339747E-001                  6.5054641596241876E+000                 -1.5232544414017897E+000                  1.3117053028709591E+001                  6.9999999999701212E-001                  2.8000000000298803E-001                  1.9999999999999796E-002                  9.8570799153566006E-007                  2.8817820358351201E-018                  0.0000000000000000E+000 
                                     510                  4.9629684825947038E+000                  2.3975360602335707E-001                  6.5098500629011244E+000                 -1.5082949234813570E+000                  1.3136362051492714E+001                  6.9999999999667517E-001                  2.8000000000332481E-001                  2.0000000000000018E-002                  1.0947632783271130E-006                  4.0498664600036671E-018                  0.0000000000000000E+000 
                                     511                  4.9617317613477221E+000                  2.3819240086267643E-001                  6.5142178906459840E+000                 -1.4932926109144433E+000                  1.3155693885674932E+001                  6.9999999999630191E-001                  2.8000000000369818E-001                  1.9999999999999907E-002                  1.2153400020002976E-006                  5.6789272666823274E-018                  0.0000000000000000E+000 
                                     512                  4.9604554436245243E+000                  2.3661897400723558E-001                  6.5185673702913496E+000                 -1.4782470909385681E+000                  1.3175048670125026E+001                  6.9999999999588858E-001                  2.8000000000411163E-001                  1.9999999999999796E-002                  1.3485941730339447E-006                  7.9457942906069431E-018                  0.0000000000000000E+000 
                                     513                  4.9591383230667514E+000                  2.3503332761628257E-001                  6.5228984464440378E+000                 -1.4631582220679369E+000                  1.3194426509845769E+001                  6.9999999999543072E-001                  2.8000000000456932E-001                  2.0000000000000018E-002                  1.4957954292588111E-006                  1.1093264348305569E-017                  0.0000000000000000E+000 
                                     514                  4.9577791603461545E+000                  2.3343546798130577E-001                  6.5272112549732784E+000                 -1.4480261089913458E+000                  1.3213827474356416E+001                  6.9999999999492435E-001                  2.8000000000507586E-001                  1.9999999999999796E-002                  1.6583383232736214E-006                  1.5454091133640333E-017                  0.0000000000000000E+000 
                                     515                  4.9563766826090960E+000                  2.3182540492575945E-001                  6.5315060992218044E+000                 -1.4328510773290302E+000                  1.3233251596272941E+001                  6.9999999999436402E-001                  2.8000000000563602E-001                  2.0000000000000018E-002                  1.8377547498337880E-006                  2.1483512375169081E-017                  0.0000000000000000E+000 
                                     516                  4.9549295829301210E+000                  2.3020315125547725E-001                  6.5357834283484877E+000                 -1.4176336498216864E+000                  1.3252698870083240E+001                  6.9999999999374440E-001                  2.8000000000625558E-001                  2.0000000000000018E-002                  2.0357276273734363E-006                  2.9803301807804090E-017                  0.0000000000000000E+000 
                                     517                  4.9534365197872674E+000                  2.2856872227136593E-001                  6.5400438176737428E+000                 -1.4023745259219715E+000                  1.3272169250799132E+001                  6.9999999999305962E-001                  2.8000000000694053E-001                  1.9999999999999796E-002                  2.2541059510684071E-006                  4.1261368218042401E-017                  0.0000000000000000E+000 
                                     518                  4.9518961165983502E+000                  2.2692213537494912E-001                  6.5442879509159928E+000                 -1.3870745638268072E+000                  1.3291662652421966E+001                  6.9999999999230256E-001                  2.8000000000769742E-001                  2.0000000000000018E-002                  2.4949213561534625E-006                  5.7012307137210393E-017                  0.0000000000000000E+000 
                                     519                  4.9503069613008277E+000                  2.2526340973456205E-001                  6.5485166043728906E+000                 -1.3717347644432067E+000                  1.3311178947035913E+001                  6.9999999999146656E-001                  2.8000000000853342E-001                  2.0000000000000018E-002                  2.7604063523092463E-006                  7.8626184799490877E-017                  0.0000000000000000E+000 
                                     520                  4.9486676058704813E+000                  2.2359256589550988E-001                  6.5527306309982434E+000                 -1.3563562529981730E+000                  1.3330717965335744E+001                  6.9999999999054341E-001                  2.8000000000945657E-001                  2.0000000000000018E-002                  3.0530143385198580E-006                  1.0823531318990528E-016                  0.0000000000000000E+000 
                                     521                  4.9469765657320472E+000                  2.2190962530864305E-001                  6.5569309206801423E+000                 -1.3409402350183397E+000                  1.3350279497210988E+001                  6.9999999998952411E-001                  2.8000000001047587E-001                  2.0000000000000018E-002                  3.3754405018422787E-006                  1.4873191159189200E-016                  0.0000000000000000E+000 
                                     522                  4.9452323193121863E+000                  2.2021461014078728E-001                  6.5611183492857021E+000                 -1.3254879412105485E+000                  1.3369863291540840E+001                  6.9999999998839890E-001                  2.8000000001160119E-001                  1.9999999999999907E-002                  3.7306436146019329E-006                  2.0403381032188687E-016                  0.0000000000000000E+000 
                                     523                  4.9434333076357513E+000                  2.1850754330737043E-001                  6.5652937598466394E+000                 -1.3100006058654468E+000                  1.3389469057259486E+001                  6.9999999998715756E-001                  2.8000000001284253E-001                  1.9999999999999907E-002                  4.1218706000053367E-006                  2.7944155406614693E-016                  0.0000000000000000E+000 
                                     524                  4.9415779337021579E+000                  2.1678844835563518E-001                  6.5694579643303657E+000                 -1.2944794657868448E+000                  1.3409096466243776E+001                  6.9999999998578777E-001                  2.8000000001421227E-001                  2.0000000000000018E-002                  4.5526841763845401E-006                  3.8211802216683357E-016                  0.0000000000000000E+000 
                                     525                  4.9396645617535624E+000                  2.1505734925003558E-001                  6.5736117456309566E+000                 -1.2789257600704458E+000                  1.3428745155762876E+001                  6.9999999998427709E-001                  2.8000000001572284E-001                  2.0000000000000018E-002                  5.0269931334528872E-006                  5.2173188126951687E-016                  0.0000000000000000E+000 
                                     526                  4.9376915167056952E+000                  2.1331427030971767E-001                  6.5777558593642462E+000                 -1.2633407301850308E+000                  1.3448414730286649E+001                  6.9999999998261153E-001                  2.8000000001738862E-001                  1.9999999999999796E-002                  5.5490854677916114E-006                  7.1132010513931507E-016                  0.0000000000000000E+000 
                                     527                  4.9356570835233899E+000                  2.1155923608801569E-001                  6.5818910358577005E+000                 -1.2477256189370791E+000                  1.3468104764576790E+001                  6.9999999998077489E-001                  2.8000000001922504E-001                  2.0000000000000018E-002                  6.1236646946226280E-006                  9.6844318443810743E-016                  0.0000000000000000E+000 
                                     528                  4.9335595063744924E+000                  2.0979227106386988E-001                  6.5860179821826081E+000                 -1.2320816688256118E+000                  1.3487814807273653E+001                  6.9999999997875118E-001                  2.8000000002124892E-001                  1.9999999999999907E-002                  6.7558896353492348E-006                  1.3167311384740050E-015                  0.0000000000000000E+000 
                                     529                  4.9313969878467461E+000                  2.0801339940734287E-001                  6.5901373839976998E+000                 -1.2164101211678149E+000                  1.3507544383678926E+001                  6.9999999997652074E-001                  2.8000000002347930E-001                  2.0000000000000018E-002                  7.4514179765510978E-006                  1.7879509953973236E-015                  0.0000000000000000E+000 
                                     530                  4.9291676882059035E+000                  2.0622264479045072E-001                  6.5942499072927427E+000                 -1.2007122157099324E+000                  1.3527292998158190E+001                  6.9999999997406348E-001                  2.8000000002593656E-001                  2.0000000000000018E-002                  8.2164539645261103E-006                  2.4247696622058044E-015                  0.0000000000000000E+000 
                                     531                  4.9268697246478270E+000                  2.0442003019881186E-001                  6.5983562000946216E+000                 -1.1849891901098777E+000                  1.3547060136467151E+001                  6.9999999997135687E-001                  2.8000000002864328E-001                  1.9999999999999796E-002                  9.0578006446733761E-006                  3.2844435384943571E-015                  0.0000000000000000E+000 
                                     532                  4.9245011705322774E+000                  2.0260557773502313E-001                  6.6024568926110625E+000                 -1.1692422777572831E+000                  1.3566845268041877E+001                  6.9999999996837603E-001                  2.8000000003162406E-001                  1.9999999999999907E-002                  9.9829168941679889E-006                  4.4437421749707075E-015                  0.0000000000000000E+000 
                                     533                  4.9220600546002604E+000                  2.0077930842338279E-001                  6.6065525743039970E+000                 -1.1534726812729312E+000                  1.3586647847698087E+001                  6.9999999996509377E-001                  2.8000000003490633E-001                  1.9999999999999907E-002                  1.0999976681003384E-005                  6.0055059977960188E-015                  0.0000000000000000E+000 
                                     534                  4.9195443603121340E+000                  1.9894124222157986E-001                  6.6106437557501572E+000                 -1.1376815308221830E+000                  1.3606467316463844E+001                  6.9999999996148032E-001                  2.8000000003851988E-001                  1.9999999999999796E-002                  1.2117930063306734E-005                  8.1073638076992203E-015                  0.0000000000000000E+000 
                                     535                  4.9169520252609935E+000                  1.9709139826550928E-001                  6.6147308564958589E+000                 -1.1218698703863819E+000                  1.3626303102574848E+001                  6.9999999995750295E-001                  2.8000000004249720E-001                  1.9999999999999796E-002                  1.3346571053798936E-005                  1.0933318355920449E-014                  0.0000000000000000E+000 
                                     536                  4.9142809404629473E+000                  1.9522979508973792E-001                  6.6188142123961544E+000                 -1.1060386647671692E+000                  1.3646154622569446E+001                  6.9999999995312567E-001                  2.8000000004687431E-001                  2.0000000000000018E-002                  1.4696613455390725E-005                  1.4729132631994449E-014                  0.0000000000000000E+000 
                                     537                  4.9115289497292762E+000                  1.9335645088856232E-001                  6.6228940827682221E+000                 -1.0901888071878270E+000                  1.3666021281561820E+001                  6.9999999994830964E-001                  2.8000000005169035E-001                  2.0000000000000018E-002                  1.6179773107766250E-005                  1.9822736096247415E-014                  0.0000000000000000E+000 
                                     538                  4.9086938491692838E+000                  1.9147138383912779E-001                  6.6269706571060176E+000                 -1.0743211262207830E+000                  1.3685902473583550E+001                  6.9999999994301165E-001                  2.8000000005698839E-001                  2.0000000000000018E-002                  1.7808857035600233E-005                  2.6651258153195607E-014                  0.0000000000000000E+000 
                                     539                  4.9057733865562492E+000                  1.8957461230236816E-001                  6.6310440614821129E+000                 -1.0584363921261739E+000                  1.3705797582341944E+001                  6.9999999993718454E-001                  2.8000000006281556E-001                  1.9999999999999907E-002                  1.9597860062379004E-005                  3.5796800383518637E-014                  0.0000000000000000E+000 
                                     540                  4.9027652607190841E+000                  1.8766615501899711E-001                  6.6351143644893202E+000                 -1.0425353232547201E+000                  1.3725705981429080E+001                  6.9999999993077677E-001                  2.8000000006922326E-001                  2.0000000000000018E-002                  2.1562069400446542E-005                  4.8033717050669582E-014                  0.0000000000000000E+000 
                                     541                  4.8996671210720084E+000                  1.8574603136726936E-001                  6.6391815828866765E+000                 -1.0266185920041353E+000                  1.3745627034557263E+001                  6.9999999992373196E-001                  2.8000000007626813E-001                  1.9999999999999907E-002                  2.3718177881482529E-005                  6.4391032477921857E-014                  0.0000000000000000E+000 
                                     542                  4.8964765670157337E+000                  1.8381426151032165E-001                  6.6432456870768215E+000                 -1.0106868300400673E+000                  1.3765560096305936E+001                  6.9999999991598860E-001                  2.8000000008401155E-001                  1.9999999999999796E-002                  2.6084406557421456E-005                  8.6234743024061356E-014                  0.0000000000000000E+000 
                                     543                  4.8931911473194063E+000                  1.8187086651100998E-001                  6.6473066062471986E+000                 -9.9474063348118302E-001                  1.3785504512431483E+001                  6.9999999990747874E-001                  2.8000000009252124E-001                  2.0000000000000018E-002                  2.8680637313804188E-005                  1.1537620617582268E-013                  0.0000000000000000E+000 
                                     544                  4.8898083596630721E+000                  1.7991586851970329E-001                  6.6513642335894190E+000                 -9.7878056830872762E-001                  1.3805459620213831E+001                  6.9999999989812922E-001                  2.8000000010187087E-001                  1.9999999999999907E-002                  3.1528556408247608E-005                  1.5421471315197021E-013                  0.0000000000000000E+000 
                                     545                  4.8863256500196304E+000                  1.7794929083909250E-001                  6.6554184484265573E+000                 -9.6280719292900963E-001                  1.3825424749656307E+001                  6.9999999988785921E-001                  2.8000000011214077E-001                  2.0000000000000018E-002                  3.4651816748581504E-005                  2.0592500397976967E-013                  0.0000000000000000E+000 
                                     546                  4.8827404119052673E+000                  1.7597115781451320E-001                  6.6594691627928917E+000                 -9.4682110653946816E-001                  1.3845399224841643E+001                  6.9999999987658068E-001                  2.8000000012341941E-001                  1.9999999999999907E-002                  3.8076227761668899E-005                  2.7470406168829656E-013                  0.0000000000000000E+000 
                                     547                  4.8790499856722906E+000                  1.7398149452936004E-001                  6.6635163492617098E+000                 -9.3082297703631489E-001                  1.3865382365564445E+001                  6.9999999986419736E-001                  2.8000000013580273E-001                  1.9999999999999907E-002                  4.1829961369027960E-005                  3.6609549153556555E-013                  0.0000000000000000E+000 
                                     548                  4.8752516576205043E+000                  1.7198032626762674E-001                  6.6675600392794427E+000                 -9.1481353627782047E-001                  1.3885373489975951E+001                  6.9999999985060390E-001                  2.8000000014939619E-001                  1.9999999999999907E-002                  4.5943767174356645E-005                  4.8741519283862418E-013                  0.0000000000000000E+000 
                                     549                  4.8713426588497848E+000                  1.6996767786087813E-001                  6.6716003194251012E+000                 -8.9879357199271648E-001                  1.3905371918537497E+001                  6.9999999983568528E-001                  2.8000000016431464E-001                  2.0000000000000018E-002                  5.0451206611698774E-005                  6.4830980825473339E-013                  0.0000000000000000E+000 
                                     550                  4.8673201637283334E+000                  1.6794357288802247E-001                  6.6756373280458945E+000                 -8.8276391911539387E-001                  1.3925376978923486E+001                  6.9999999981931638E-001                  2.8000000018068377E-001                  1.9999999999999796E-002                  5.5388908842984953E-005                  8.6148896843278786E-013                  0.0000000000000000E+000 
                                     551                  4.8631812881365617E+000                  1.6590803283307218E-001                  6.6796712521080588E+000                 -8.6672545122034816E-001                  1.3945388011024937E+001                  6.9999999980135919E-001                  2.8000000019864096E-001                  1.9999999999999796E-002                  6.0796850376409004E-005                  1.1436848951353436E-012                  0.0000000000000000E+000 
                                     552                  4.8589230875887006E+000                  1.6386107626174101E-001                  6.6837023245285998E+000                 -8.5067907110423291E-001                  1.3965404373293834E+001                  6.9999999978166394E-001                  2.8000000021833626E-001                  1.9999999999999796E-002                  6.6718661111445896E-005                  1.5169093605714398E-012                  0.0000000000000000E+000 
                                     553                  4.8545425545438716E+000                  1.6180271770019511E-001                  6.6877308221678158E+000                 -8.3462569974940937E-001                  1.3985425451330844E+001                  6.9999999976006611E-001                  2.8000000023993393E-001                  2.0000000000000018E-002                  7.3201959943380325E-005                  2.0100994778421112E-012                  0.0000000000000000E+000 
                                     554                  4.8500366150492216E+000                  1.5973296633348999E-001                  6.6917570637821564E+000                 -8.1856626664213483E-001                  1.4005450665246244E+001                  6.9999999973638694E-001                  2.8000000026361310E-001                  2.0000000000000018E-002                  8.0298722004742921E-005                  2.6612717405881668E-012                  0.0000000000000000E+000 
                                     555                  4.8454021259472491E+000                  1.5765182510698578E-001                  6.6957814078313369E+000                 -8.0250170184818559E-001                  1.4025479475124847E+001                  6.9999999971043081E-001                  2.8000000028956940E-001                  1.9999999999999796E-002                  8.8065680369114270E-005                  3.5203402839602228E-012                  0.0000000000000000E+000 
                                     556                  4.8406358717679412E+000                  1.5555928979623690E-001                  6.6998042510083815E+000                 -7.8643292642141749E-001                  1.4045511388875362E+001                  6.9999999968198290E-001                  2.8000000031801731E-001                  1.9999999999999796E-002                  9.6564767301581938E-005                  4.6528033380130988E-012                  0.0000000000000000E+000 
                                     557                  4.8357345602130035E+000                  1.5345534759290858E-001                  6.7038260212809231E+000                 -7.7036083743751627E-001                  1.4065545969635989E+001                  6.9999999965080928E-001                  2.8000000034919070E-001                  2.0000000000000018E-002                  1.0586359169520952E-004                  6.1445622649627977E-012                  0.0000000000000000E+000 
                                     558                  4.8306948185054388E+000                  1.5133997626131587E-001                  6.7078471446495032E+000                 -7.5428626997127135E-001                  1.4085582838420207E+001                  6.9999999961665438E-001                  2.8000000038334555E-001                  2.0000000000000018E-002                  1.1603592493416643E-004                  8.1082073288678480E-012                  0.0000000000000000E+000 
                                     559                  4.8255131905202866E+000                  1.4921314389369922E-001                  6.7118680121148415E+000                 -7.3820996127740635E-001                  1.4105621675006974E+001                  6.9999999957923897E-001                  2.8000000042076090E-001                  2.0000000000000129E-002                  1.2716221458059410E-004                  1.0691210481216520E-011                  0.0000000000000000E+000 
                                     560                  4.8201861335763452E+000                  1.4707480876366127E-001                  6.7158889765264762E+000                 -7.2213254595263576E-001                  1.4125662219585193E+001                  6.9999999953825820E-001                  2.8000000046174195E-001                  1.9999999999999796E-002                  1.3933017019893487E-004                  1.4086611721982156E-011                  0.0000000000000000E+000 
                                     561                  4.8147100147794726E+000                  1.4492491909973626E-001                  6.7199103571741405E+000                 -7.0605456109443809E-001                  1.4145704272617031E+001                  6.9999999949337821E-001                  2.8000000050662194E-001                  1.9999999999999796E-002                  1.5263540966098808E-004                  1.8546947927680509E-011                  0.0000000000000000E+000 
                                     562                  4.8090811083597069E+000                  1.4276341330361086E-001                  6.7239324434197840E+000                 -6.8997645340257874E-001                  1.4165747691759108E+001                  6.9999999944423563E-001                  2.8000000055576441E-001                  2.0000000000000018E-002                  1.6718216079582865E-004                  2.4402394475289718E-011                  0.0000000000000000E+000 
                                     563                  4.8032955933767738E+000                  1.4059022031491833E-001                  6.7279554977473301E+000                 -6.7389858681095316E-001                  1.4185792387613613E+001                  6.9999999939043334E-001                  2.8000000060956681E-001                  1.9999999999999796E-002                  1.8308402364516661E-004                  3.2084380642544351E-011                  0.0000000000000000E+000 
                                     564                  4.7973495516866347E+000                  1.3840526005979550E-001                  6.7319797583608265E+000                 -6.5782125032208560E-001                  1.4205838318854029E+001                  6.9999999933153745E-001                  2.8000000066846270E-001                  1.9999999999999796E-002                  2.0046479848985222E-004                  4.2156313123835255E-011                  0.0000000000000000E+000 
                                     565                  4.7912389660873433E+000                  1.3620844393819698E-001                  6.7360054415227193E+000                 -6.4174466529907115E-001                  1.4225885487582781E+001                  6.9999999926707446E-001                  2.8000000073292552E-001                  2.0000000000000018E-002                  2.1945938576355364E-004                  5.5353525205249683E-011                  0.0000000000000000E+000 
                                     566                  4.7849597182792616E+000                  1.3399967521350808E-001                  6.7400327436962968E+000                 -6.2566899203189963E-001                  1.4245933935179259E+001                  6.9999999919652822E-001                  2.8000000080347187E-001                  1.9999999999999907E-002                  2.4021476421644619E-004                  7.2635193485354756E-011                  0.0000000000000000E+000 
                                     567                  4.7785075868420881E+000                  1.3177884938404691E-001                  6.7440618433555146E+000                 -6.0959433619978309E-001                  1.4265983737888467E+001                  6.9999999911933442E-001                  2.8000000088066579E-001                  1.9999999999999796E-002                  2.6289105320472048E-004                  9.5251769598672758E-011                  0.0000000000000000E+000 
                                     568                  4.7718782454882094E+000                  1.2954585462228535E-001                  6.7480929022580760E+000                 -5.9352075608299137E-001                  1.4286035001082336E+001                  6.9999999903487764E-001                  2.8000000096512240E-001                  2.0000000000000018E-002                  2.8766266451812238E-004                  1.2483251292788352E-010                  0.0000000000000000E+000 
                                     569                  4.7650672621173014E+000                  1.2730057243980961E-001                  6.7521260669931760E+000                 -5.7744826982635589E-001                  1.4306087853783350E+001                  6.9999999894248643E-001                  2.8000000105751321E-001                  2.0000000000000351E-002                  3.1471955389795103E-004                  1.6349905750734626E-010                  0.0000000000000000E+000 
                                     570                  4.7580700972184733E+000                  1.2504287807384051E-001                  6.7561614802746668E+000                 -5.6137687096182098E-001                  1.4326142445164043E+001                  6.9999999884142827E-001                  2.8000000115857143E-001                  2.0000000000000240E-002                  3.4426861701589249E-004                  2.1401279107440033E-010                  0.0000000000000000E+000 
                                     571                  4.7508821018691139E+000                  1.2277264065500226E-001                  6.7601993004443379E+000                 -5.4530655180122767E-001                  1.4346198941785973E+001                  6.9999999873090379E-001                  2.8000000126909591E-001                  2.0000000000000240E-002                  3.7653525494412099E-004                  2.7996616326083725E-010                  0.0000000000000000E+000 
                                     572                  4.7434985157744274E+000                  1.2048972326364386E-001                  6.7642397104103411E+000                 -5.2923731623164039E-001                  1.4366257524241302E+001                  6.9999999861004014E-001                  2.8000000138995951E-001                  2.0000000000000351E-002                  4.1176506327123268E-004                  3.6603080979179907E-010                  0.0000000000000000E+000 
                                     573                  4.7359144658525256E+000                  1.1819398307719400E-001                  6.7682829166375980E+000                 -5.1316918298070047E-001                  1.4386318382821786E+001                  6.9999999847788552E-001                  2.8000000152211413E-001                  2.0000000000000351E-002                  4.5022564201198958E-004                  4.7827917834259888E-010                  0.0000000000000000E+000 
                                     574                  4.7281249652607071E+000                  1.1588527160627081E-001                  6.7723291481202530E+000                 -4.9710218797641548E-001                  1.4406381714096275E+001                  6.9999999833340010E-001                  2.8000000166659927E-001                  2.0000000000000684E-002                  4.9220856920874888E-004                  6.2460141590412194E-010                  0.0000000000000000E+000 
                                     575                  4.7201249116295214E+000                  1.1356343464885311E-001                  6.7763786558229961E+000                 -4.8103638568415080E-001                  1.4426447718981686E+001                  6.9999999817545033E-001                  2.8000000182454876E-001                  2.0000000000000906E-002                  5.3803155686077083E-004                  8.1524563668165410E-010                  0.0000000000000000E+000 
                                     576                  4.7119090851850904E+000                  1.1122831218861796E-001                  6.7804317123391566E+000                 -4.6497185042678979E-001                  1.4446516601043012E+001                  6.9999999800279911E-001                  2.8000000199719977E-001                  2.0000000000001128E-002                  5.8804080472702012E-004                  1.0635179656570308E-009                  0.0000000000000000E+000 
                                     577                  4.7034721469449998E+000                  1.0887973829207329E-001                  6.7844886115979595E+000                 -4.4890867835516102E-001                  1.4466588564202276E+001                  6.9999999781409539E-001                  2.8000000218590326E-001                  2.0000000000001350E-002                  6.4261356878142668E-004                  1.3866894767071202E-009                  0.0000000000000000E+000 
                                     578                  4.6948086375000333E+000                  1.0651754113852956E-001                  6.7885496686124958E+000                 -4.3284699011651551E-001                  1.4486663809801302E+001                  6.9999999760786580E-001                  2.8000000239213241E-001                  2.0000000000001794E-002                  7.0216096385618200E-004                  1.8071710409324672E-009                  0.0000000000000000E+000 
                                     579                  4.6859129760265601E+000                  1.0414154306512516E-001                  6.7926152195405569E+000                 -4.1678693316454918E-001                  1.4506742534363692E+001                  6.9999999738250207E-001                  2.8000000261749575E-001                  2.0000000000002238E-002                  7.6713102633463922E-004                  2.3540351458022867E-009                  0.0000000000000000E+000 
                                     580                  4.6767794587936677E+000                  1.0175156042797900E-001                  6.7966856220883232E+000                 -4.0072868352667673E-001                  1.4526824928230143E+001                  6.9999999713624861E-001                  2.8000000286374827E-001                  2.0000000000003126E-002                  8.3801206363859956E-004                  3.0649871269169035E-009                  0.0000000000000000E+000 
                                     581                  4.6674022576729532E+000                  9.9347403427708383E-002                  6.8007612560770001E+000                 -3.8467244763943520E-001                  1.4546911174299058E+001                  6.9999999686718972E-001                  2.8000000313280604E-001                  2.0000000000004237E-002                  9.1533631667705859E-004                  3.9889185599564395E-009                  0.0000000000000000E+000 
                                     582                  4.6577754187588152E+000                  9.6928875925349559E-002                  6.8048425171864944E+000                 -3.6861845758919631E-001                  1.4567001446209495E+001                  6.9999999657323486E-001                  2.8000000342675974E-001                  2.0000000000005347E-002                  9.9968389444132842E-004                  5.1892130281496952E-009                  0.0000000000000000E+000 
                                     583                  4.6478928616557553E+000                  9.4495775420295178E-002                  6.8089297940665343E+000                 -3.5256694948436157E-001                  1.4587095905953809E+001                  6.9999999625210274E-001                  2.8000000374789025E-001                  2.0000000000007012E-002                  1.0916868638110614E-003                  6.7480200995401307E-009                  0.0000000000000000E+000 
                                     584                  4.6377483789995111E+000                  9.2047893164928729E-002                  6.8130234492573445E+000                 -3.3651814541652675E-001                  1.4607194701952073E+001                  6.9999999590130413E-001                  2.8000000409868653E-001                  2.0000000000009344E-002                  1.1920336539912051E-003                  8.7717808444892346E-009                  0.0000000000000000E+000 
                                     585                  4.6273356356891542E+000                  8.9585014272379401E-002                  6.8171238165566095E+000                 -3.2047225215575942E-001                  1.4627297967673609E+001                  6.9999999551812431E-001                  2.8000000448186368E-001                  2.0000000000012008E-002                  1.3014739656468583E-003                  1.1398375038913199E-008                  0.0000000000000000E+000 
                                     586                  4.6166481682008627E+000                  8.7106917821741972E-002                  6.8212312006822158E+000                 -3.0442946225947742E-001                  1.4647405820262005E+001                  6.9999999509960220E-001                  2.8000000490038218E-001                  2.0000000000015561E-002                  1.4208241145458403E-003                  1.4806361017638635E-008                  0.0000000000000000E+000 
                                     587                  4.6056793841250236E+000                  8.4613376978781213E-002                  6.8253458767172459E+000                 -2.8838995559532798E-001                  1.4667518358505875E+001                  6.9999999464250895E-001                  2.8000000535747094E-001                  2.0000000000020113E-002                  1.5509728170366363E-003                  1.9226916184845671E-008                  0.0000000000000000E+000 
                                     588                  4.5944225625493438E+000                  8.2104159265475624E-002                  6.8294680893814190E+000                 -2.7235390119688202E-001                  1.4687635660296184E+001                  6.9999999414332281E-001                  2.8000000585665064E-001                  2.0000000000026552E-002                  1.6928874498047743E-003                  2.4959262106787571E-008                  0.0000000000000000E+000 
                                     589                  4.5828708546484922E+000                  7.9579026817546222E-002                  6.8335980523155770E+000                 -2.5632145879343793E-001                  1.4707757780436001E+001                  6.9999999359820564E-001                  2.8000000640175987E-001                  2.0000000000034435E-002                  1.8476208239881955E-003                  3.2390583810862686E-008                  0.0000000000000000E+000 
                                     590                  4.5710172842458752E+000                  7.7037736578653981E-002                  6.8377359473831056E+000                 -2.4029278003456575E-001                  1.4727884748771441E+001                  6.9999999300297255E-001                  2.8000000699698269E-001                  2.0000000000044760E-002                  2.0163185122576131E-003                  4.2021742694200411E-008                  0.0000000000000000E+000 
                                     591                  4.5588547485930864E+000                  7.4480040487767629E-002                  6.8418819239224309E+000                 -2.2426800969786073E-001                  1.4748016568267527E+001                  6.9999999235306276E-001                  2.8000000764687855E-001                  2.0000000000058638E-002                  2.2002267667045362E-003                  5.4500453685194975E-008                  0.0000000000000000E+000 
                                     592                  4.5463760195580569E+000                  7.1905685696990754E-002                  6.8460360979007620E+000                 -2.0824728717989283E-001                  1.4768153212698101E+001                  6.9999999164350757E-001                  2.8000000835641653E-001                  2.0000000000075957E-002                  2.4007010661169443E-003                  7.0664073331468004E-008                  0.0000000000000000E+000 
                                     593                  4.5335737455016680E+000                  6.9314414869253327E-002                  6.8501985510176127E+000                 -1.9223074821286165E-001                  1.4788294624070572E+001                  6.9999999086889186E-001                  2.8000000913100970E-001                  2.0000000000098384E-002                  2.6192153363757543E-003                  9.1594756073740897E-008                  0.0000000000000000E+000 
                                     594                  4.5204404535262652E+000                  6.6705966479980006E-002                  6.8543693346093280E+000                 -1.7621853155149145E-001                  1.4808440710111395E+001                  6.9999999002331859E-001                  2.8000000997655339E-001                  2.0000000000128026E-002                  2.8573720229524481E-003                  1.1869054532705695E-007                  0.0000000000000000E+000 
                                     595                  4.5069685520885416E+000                  6.4080075086835636E-002                  6.8585484910548091E+000                 -1.6021080369319662E-001                  1.4828591341966327E+001                  6.9999998910036487E-001                  2.8000001089946902E-001                  2.0000000000166107E-002                  3.1169135205820651E-003                  1.5375708885722950E-007                  0.0000000000000000E+000 
                                     596                  4.4931503338166214E+000                  6.1436471420339221E-002                  6.8627360754063664E+000                 -1.4420778313226207E-001                  1.4848746352555597E+001                  6.9999998809303299E-001                  2.8000001190675133E-001                  2.0000000000215623E-002                  3.3997347905322180E-003                  1.9912594084542581E-007                  0.0000000000000000E+000 
                                     597                  4.4789779781081416E+000                  5.8774882209078554E-002                  6.8669321599097239E+000                 -1.2820974662873441E-001                  1.4868905535007739E+001                  6.9999998699370258E-001                  2.8000001300601790E-001                  2.0000000000279572E-002                  3.7078967179075923E-003                  2.5780699117177796E-007                  0.0000000000000000E+000 
                                     598                  4.4644435547145225E+000                  5.6095030073538554E-002                  6.8711368344191133E+000                 -1.1221703179205016E-001                  1.4889068640503870E+001                  6.9999998579407408E-001                  2.8000001420556325E-001                  2.0000000000362617E-002                  4.0436405204990972E-003                  3.3368485836160964E-007                  0.0000000000000000E+000 
                                     599                  4.4495390281254723E+000                  5.3396633460951422E-002                  6.8753502067233896E+000                 -9.6230039335207643E-002                  1.4909235376332244E+001                  6.9999998448510903E-001                  2.8000001551442077E-001                  2.0000000000470197E-002                  4.4094034081685989E-003                  4.3177191961567774E-007                  0.0000000000000000E+000 
                                     600                  4.4342562619372323E+000                  5.0679406465476098E-002                  6.8795724031201511E+000                 -8.0249233834767536E-002                  1.4929405405684326E+001                  6.9999998305696653E-001                  2.8000001694242393E-001                  2.0000000000609530E-002                  4.8078356351356861E-003                  5.5853426673612269E-007                  0.0000000000000000E+000 
                                     601                  4.4185870216532841E+000                  4.7943058272297438E-002                  6.8838035690266421E+000                 -6.4275143834389967E-002                  1.4949578348148719E+001                  6.9999998149893239E-001                  2.8000001850027784E-001                  2.0000000000789830E-002                  5.2418190629586123E-003                  7.2231155711957971E-007                  0.0000000000000000E+000 
                                     602                  4.4025229787790687E+000                  4.5187292751652675E-002                  6.8880438692736030E+000                 -4.8308362729224071E-002                  1.4969753779112100E+001                  6.9999997979934170E-001                  2.8000002019963538E-001                  2.0000000001022977E-002                  5.7144873372037049E-003                  9.3385775355484292E-007                  0.0000000000000000E+000 
                                     603                  4.3860557160926454E+000                  4.2411808158964968E-002                  6.8922934883983134E+000                 -3.2349549275135989E-002                  1.4989931229506652E+001                  6.9999997794549729E-001                  2.8000002205317792E-001                  2.0000000001324736E-002                  6.2292478530096675E-003                  1.2070374797534618E-006                  0.0000000000000000E+000 
                                     604                  4.3691767321283317E+000                  3.9616296599593280E-002                  6.8965526313470651E+000                 -1.6399426272852818E-002                  1.5010110187798210E+001                  6.9999997592357788E-001                  2.8000002407470703E-001                  2.0000000001715090E-002                  6.7898057358114529E-003                  1.5597228074371070E-006                  0.0000000000000000E+000 
                                     605                  4.3518774435518273E+000                  3.6800443065977122E-002                  6.9008215241883670E+000                 -4.5877883401091731E-004                  1.5030290102410694E+001                  6.9999997371854084E-001                  2.8000002627923931E-001                  2.0000000002219798E-002                  7.4001900026558036E-003                  2.0149480563730340E-006                  0.0000000000000000E+000 
                                     606                  4.3341491893636013E+000                  3.3963924716051287E-002                  6.9051004089078267E+000                  1.5471552271186708E-002                  1.5050470382926992E+001                  6.9999997131401426E-001                  2.8000002868311308E-001                  2.0000000002872609E-002                  8.0647816628311563E-003                  2.6023961769952611E-006                  0.0000000000000000E+000 
                                     607                  4.3159832358059367E+000                  3.1106410222168319E-002                  6.9093895252490762E+000                  3.1390691723472530E-002                  1.5070650402224659E+001                  6.9999996869218517E-001                  2.8000003130409851E-001                  2.0000000003716378E-002                  8.7883432180700573E-003                  3.3603096682903673E-006                  0.0000000000000000E+000 
                                     608                  4.2973707794719465E+000                  2.8227558890443174E-002                  6.9136890965831181E+000                  4.7297748020610500E-002                  1.5090829500093394E+001                  6.9999996583367707E-001                  2.8000003416151648E-001                  2.0000000004806395E-002                  9.5760506461982069E-003                  4.3379474773081969E-006                  0.0000000000000000E+000 
                                     609                  4.2783029498090182E+000                  2.5327019746909513E-002                  6.9179993292685484E+000                  6.3191817269483530E-002                  1.5111006986359733E+001                  6.9999996271741416E-001                  2.8000003727637102E-001                  2.0000000006214824E-002                  1.0433529008714956E-002                  5.5987451252605731E-006                  0.0000000000000000E+000 
                                     610                  4.2587708131406412E+000                  2.2404430826489852E-002                  6.9223204138417751E+000                  7.9071984411095142E-002                  1.5131182143369765E+001                  6.9999995932047598E-001                  2.8000004067149020E-001                  2.0000000008033814E-002                  1.1366891364505737E-002                  7.2243775414887655E-006                  0.0000000000000000E+000 
                                     611                  4.2387653764558522E+000                  1.9459418369286136E-002                  6.9255607435709248E+000                  9.1008179410637935E-002                  1.5146338989398043E+001                  6.9999995657907788E-001                  2.8000004341119428E-001                  2.0000000009727792E-002                  1.2120633974740534E-002                  8.7425748052801832E-006                  0.0000000000000000E+000 
                                     612                  4.2285214832512379E+000                  1.7969626062610187E-002                  6.9277295172834199E+000                  9.8937181977414898E-002                  1.5156424262732481E+001                  6.9999995464621367E-001                  2.8000004534272321E-001                  2.0000000011063168E-002                  1.2650423806416332E-002                  9.9293794598200307E-006                  0.0000000000000000E+000 
                                     613                  4.2182775900466236E+000                  1.6491714965119406E-002                  6.9299012899088623E+000                  1.0686186456896897E-001                  1.5166508407601937E+001                  6.9999995263014136E-001                  2.8000004735728862E-001                  2.0000000012569963E-002                  1.3203134237845740E-002                  1.1276783984000130E-005                  0.0000000000000000E+000 
                                     614                  4.2077879704565442E+000                  1.4990346870390175E-002                  6.9320756983386040E+000                  1.1478274577374156E-001                  1.5176591562473183E+001                  6.9999995052369401E-001                  2.8000004946201235E-001                  2.0000000014293695E-002                  1.3779709067697704E-002                  1.2806230010113087E-005                  0.0000000000000000E+000 
                                     615                  4.1972983508664630E+000                  1.3500805064634740E-002                  6.9353505178129113E+000                  1.2661957489654851E-001                  1.5191685944823401E+001                  6.9999994718529390E-001                  2.8000005279737600E-001                  2.0000000017330155E-002                  1.4691652885075328E-002                  1.5501153457842112E-005                  0.0000000000000000E+000 
                                     616                  4.1758185063469364E+000                  1.0486150009565161E-002                  6.9397166359444000E+000                  1.4243479806846898E-001                  1.5211844135207862E+001                  6.9999994239368912E-001                  2.8000005758392937E-001                  2.0000000022381448E-002                  1.6001012120758266E-002                  1.9984761962515314E-005                  0.0000000000000000E+000 
                                     617                  4.1538288582940579E+000                  7.4474384904226554E-003                  6.9440943715136960E+000                  1.5823143605848147E-001                  1.5231996107173677E+001                  6.9999993717304998E-001                  2.8000006279805151E-001                  2.0000000028898457E-002                  1.7425775604576556E-002                  2.5759770672942196E-005                  0.0000000000000000E+000 
                                     618                  4.1313201668784156E+000                  4.3842228944567874E-003                  6.9473780027152516E+000                  1.7010255595066007E-001                  1.5247133988350713E+001                  6.9999993295760632E-001                  2.8000006700741109E-001                  2.0000000034982590E-002                  1.8576162566533976E-002                  3.1148994286347897E-005                  0.0000000000000000E+000 
                                     619                  4.1198016608634926E+000                  2.8344148369303978E-003                  6.9495756423988730E+000                  1.7798625370437124E-001                  1.5257204689572763E+001                  6.9999992998961180E-001                  2.8000006997064103E-001                  2.0000000039747112E-002                  1.9384514941002344E-002                  3.5358679475253219E-005                  0.0000000000000000E+000 
                                     620                  4.1082831548485697E+000                  1.2961669347187109E-003                  6.9528852511361023E+000                  1.8976498988312235E-001                  1.5272278007814377E+001                  6.9999992528987964E-001                  2.8000007466197691E-001                  2.0000000048143507E-002                  2.0662762495320300E-002                  4.2771454869972784E-005                  0.0000000000000000E+000 
                                     621                  4.0847085125703710E+000                 -1.8174705968127215E-003                  6.9572985971981893E+000                  2.0550011579434807E-001                  1.5292406355662919E+001                  6.9999991854141397E-001                  2.8000008139646815E-001                  2.0000000062117884E-002                  2.2497904459505370E-002                  5.5096304811822215E-005                  0.0000000000000000E+000 
                                     622                  4.0605869037223696E+000                 -4.9570668157684229E-003                  6.9617241802074465E+000                  2.2121268991308005E-001                  1.5312525162124162E+001                  6.9999991119134874E-001                  2.8000008872852156E-001                  2.0000000080129698E-002                  2.4494495686353184E-002                  7.0958105468350586E-005                  0.0000000000000000E+000 
                                     623                  4.0359089706494098E+000                 -8.1231484401807098E-003                  6.9650445374060501E+000                  2.3301849436060265E-001                  1.5327636779870801E+001                  6.9999990525583877E-001                  2.8000009464721748E-001                  2.0000000096943804E-002                  2.6106605808798557E-002                  8.5752152751743236E-005                  0.0000000000000000E+000 
                                     624                  4.0232871554511069E+000                 -9.7252426126432957E-003                  6.9672667555173939E+000                  2.4085696908587306E-001                  1.5337688387323047E+001                  6.9999990107945786E-001                  2.8000009881045085E-001                  2.0000000110091287E-002                  2.7239279557470873E-002                  9.7301878618112804E-005                  0.0000000000000000E+000 
                                     625                  4.0106653402528041E+000                 -1.1316128638889778E-002                  6.9706134090852565E+000                  2.5256527079705549E-001                  1.5352730644318479E+001                  6.9999989446935018E-001                  2.8000010539740205E-001                  2.0000000133247764E-002                  2.9030224105332635E-002                  1.1762817168903646E-004                  0.0000000000000000E+000 
                                     626                  3.9848466308047401E+000                 -1.4536857232537431E-002                  6.9750779661217370E+000                  2.6820274079711198E-001                  1.5372815728169819E+001                  6.9999988497649412E-001                  2.8000011485173143E-001                  2.0000000171774390E-002                  3.1601906675746007E-002                  1.5140988899091422E-004                  0.0000000000000000E+000 
                                     627                  3.9584434586286008E+000                 -1.7785803971709719E-002                  6.9795565763987515E+000                  2.8381238404486048E-001                  1.5392887880993854E+001                  6.9999987463922952E-001                  2.8000012513937084E-001                  2.0000000221399583E-002                  3.4400418192139341E-002                  1.9486507921091635E-004                  0.0000000000000000E+000 
                                     628                  3.9314464449926709E+000                 -2.1063604531853700E-002                  6.9829185865212704E+000                  2.9553760362919884E-001                  1.5407963079343457E+001                  6.9999986628770583E-001                  2.8000013344457092E-001                  2.0000000267723195E-002                  3.6660903859206534E-002                  2.3538857587804870E-004                  0.0000000000000000E+000 
                                     629                  3.9176463341128867E+000                 -2.2722565616482494E-002                  6.9851690163831570E+000                  3.0332031093080708E-001                  1.5417988819648640E+001                  6.9999986041511886E-001                  2.8000013928096901E-001                  2.0000000303912135E-002                  3.8249391799931767E-002                  2.6701595359518025E-004                  0.0000000000000000E+000 
                                     630                  3.9038462232331019E+000                 -2.4370782234398022E-002                  6.9885586889093663E+000                  3.1494182354027050E-001                  1.5432989861306954E+001                  6.9999985112395358E-001                  2.8000014850841654E-001                  2.0000000367629944E-002                  4.0761594639612216E-002                  3.2266093287882497E-004                  0.0000000000000000E+000 
                                     631                  3.8756334463755437E+000                 -2.7708329363322768E-002                  6.9930839003862788E+000                  3.3045829837236224E-001                  1.5453018137805236E+001                  6.9999983777375419E-001                  2.8000016175260389E-001                  2.0000000473641921E-002                  4.4371437288573318E-002                  4.1515139750728777E-004                  0.0000000000000000E+000 
                                     632                  3.8467987954737795E+000                 -3.1076846123808618E-002                  6.9976264300754787E+000                  3.4594020560327599E-001                  1.5473030126298916E+001                  6.9999982323330268E-001                  2.8000017615652117E-001                  2.0000000610176150E-002                  4.8302926655923450E-002                  5.3414013247875844E-004                  0.0000000000000000E+000 
                                     633                  3.8173329892689924E+000                 -3.4477116333861683E-002                  7.0010393674231333E+000                  3.5756512843644983E-001                  1.5488058805619502E+001                  6.9999981147911550E-001                  2.8000018778348562E-001                  2.0000000737398826E-002                  5.1481771536690889E-002                  6.4505852431137806E-004                  1.6584165643719183E-055 
                                     634                  3.8022798919493597E+000                 -3.6198533001976160E-002                  7.0033245434036600E+000                  3.6527858884392023E-001                  1.5498051971419075E+001                  6.9999980321456801E-001                  2.8000019594849712E-001                  2.0000000836934873E-002                  5.3717005959472416E-002                  7.3169346669880759E-004                  2.3178983995891568E-055 
                                     635                  3.7872267946297269E+000                 -3.7909815157311670E-002                  7.0056147802861863E+000                  3.7298192575381223E-001                  1.5508040343395074E+001                  6.9999979458844375E-001                  2.8000020446164869E-001                  2.0000000949907504E-002                  5.6050732257983960E-002                  8.2998113980485891E-004                  3.2398534305430980E-055 
                                     636                  3.7718489160390321E+000                 -3.9647867152996445E-002                  7.0079099571783514E+000                  3.8067568405617014E-001                  1.5518024336212816E+001                  6.9999978558330744E-001                  2.8000021333860936E-001                  2.0000001078083196E-002                  5.8487528625762529E-002                  9.4148617240213841E-004                  4.5287628123269084E-055 
                                     637                  3.7564710374483377E+000                 -4.1375964727090146E-002                  7.0102104430696377E+000                  3.8835885370762024E-001                  1.5528003326799711E+001                  6.9999977618310916E-001                  2.8000022259326918E-001                  2.0000001223621666E-002                  6.1032321668761456E-002                  1.0680028513818977E-003                  6.3310323881155390E-055 
                                     638                  3.7407638272618318E+000                 -4.3131107692876203E-002                  7.0125161134654013E+000                  3.9603200090480506E-001                  1.5537977747275855E+001                  6.9999976636859507E-001                  2.8000023224258092E-001                  2.0000001388823963E-002                  6.3690211528755369E-002                  1.2115497223578412E-003                  8.8512203063468823E-055 
                                     639                  3.7250566170753250E+000                 -4.4876488378028982E-002                  7.0159903957745033E+000                  4.0748383146561490E-001                  1.5552898273779601E+001                  6.9999975083548593E-001                  2.8000024748479757E-001                  2.0000001679716495E-002                  6.7899265269873527E-002                  1.4641828111492908E-003                  1.4642489270432069E-054 
                                     640                  3.6929745235055482E+000                 -4.8412518296252989E-002                  7.0206349128321053E+000                  4.2276474714499340E-001                  1.5572816606785279E+001                  6.9999972848427627E-001                  2.8000026935158834E-001                  2.0000002164135333E-002                  7.3962918317589083E-002                  1.8846289754845030E-003                  2.8639263884551007E-054 
                                     641                  3.6602158528674038E+000                 -5.1984925996545819E-002                  7.0241282250657298E+000                  4.3423329867693861E-001                  1.5587773438187337E+001                  6.9999971039038245E-001                  2.8000028699279000E-001                  2.0000002616827550E-002                  7.8878231248895689E-002                  2.2773620963292890E-003                  4.7359910578651157E-054 
                                     642                  3.6434938390045302E+000                 -5.3794330579314376E-002                  7.0264678312096995E+000                  4.4183973386318603E-001                  1.5597716801626369E+001                  6.9999969765820169E-001                  2.8000029937126314E-001                  2.0000002970535169E-002                  8.2340626107685999E-002                  2.5840686205112627E-003                  6.6260962422351220E-054 
                                     643                  3.6267718251416570E+000                 -5.5594626218387524E-002                  7.0288134906853772E+000                  4.4943399242581444E-001                  1.5607654344646374E+001                  6.9999968435675342E-001                  2.8000031227107836E-001                  2.0000003372168229E-002                  8.5961560546759727E-002                  2.9322324325303487E-003                  9.2719810130301644E-054 
                                     644                  3.6097028153137858E+000                 -5.7423200200265041E-002                  7.0311650682730571E+000                  4.5701672423428480E-001                  1.5617586571562583E+001                  6.9999967045743006E-001                  2.8000032571434919E-001                  2.0000003828220758E-002                  8.9749170461477248E-002                  3.3274580416139620E-003                  1.2976202672713660E-053 
                                     645                  3.5926338054859142E+000                 -5.9242910522578136E-002                  7.0335228271872765E+000                  4.6458694477638168E-001                  1.5627512775795040E+001                  6.9999965593224878E-001                  2.8000033972163879E-001                  2.0000004346112377E-002                  9.3712168510393296E-002                  3.7761598043148667E-003                  1.8163268688458929E-053 
                                     646                  3.5752135648277523E+000                 -6.1091241881875293E-002                  7.0358866302367193E+000                  4.7214532470056991E-001                  1.5637433480322255E+001                  6.9999964074909260E-001                  2.8000035431667730E-001                  2.0000004934230153E-002                  9.7859796048887074E-002                  4.2855754798021787E-003                  2.5427514401266512E-053 
                                     647                  3.5577933241695905E+000                 -6.2930969669727277E-002                  7.0394488114242231E+000                  4.8342137522659973E-001                  1.5652270527057865E+001                  6.9999961668338428E-001                  2.8000037734645822E-001                  2.0000005970157497E-002                  1.0444555940744310E-001                  5.1825951495052536E-003                  4.2148897645382977E-053 
                                     648                  3.5222420965104924E+000                 -6.6660227080084761E-002                  7.0442138424868617E+000                  4.9846253918471539E-001                  1.5672075604567029E+001                  6.9999958195505951E-001                  2.8000041034802348E-001                  2.0000007696917010E-002                  1.1397540495334668E-001                  6.6773239528860415E-003                  8.2684017964462049E-053 
                                     649                  3.4859720427577101E+000                 -7.0431828655153753E-002                  7.0477997660441520E+000                  5.0974751095257176E-001                  1.5686946029550199E+001                  6.9999955374992706E-001                  2.8000043693770860E-001                  2.0000009312364342E-002                  1.2173867461973811E-001                  8.0752477808806906E-003                  1.3706193106662489E-052 
                                     650                  3.4674736760732086E+000                 -7.2343264409618899E-002                  7.0502013418396468E+000                  5.1722941568384395E-001                  1.5696829882245154E+001                  6.9999953385550329E-001                  2.8000045556956876E-001                  2.0000010574927951E-002                  1.2722769875803083E-001                  9.1675605779148097E-003                  1.9206421189490024E-052 
                                     651                  3.4489753093887057E+000                 -7.4246973322412882E-002                  7.0526093963159253E+000                  5.2469769511704045E-001                  1.5706706906629806E+001                  6.9999951302462093E-001                  2.8000047496622488E-001                  2.0000012009154133E-002                  1.3298716318100395E-001                  1.0408201390957154E-002                  2.6918354682449722E-052 
                                     652                  3.4301098003616279E+000                 -7.6180827183057451E-002                  7.0550237939230422E+000                  5.3215309558341684E-001                  1.5716577702816164E+001                  6.9999949120412996E-001                  2.8000049515752817E-001                  2.0000013638341807E-002                  1.3903329525769112E-001                  1.1817322509633006E-002                  3.7732495868215835E-052 
                                     653                  3.4112442913345493E+000                 -7.8107281604724674E-002                  7.0586618270045429E+000                  5.4327234969617921E-001                  1.5731337523449236E+001                  6.9999945651972839E-001                  2.8000052697156214E-001                  2.0000016508709528E-002                  1.4867267040831678E-001                  1.4299514763148655E-002                  6.2661141194166189E-052 
                                     654                  3.3727716521571449E+000                 -8.2014461524432342E-002                  7.0635295060527854E+000                  5.5810143959055925E-001                  1.5751038186909790E+001                  6.9999940622655710E-001                  2.8000057247692961E-001                  2.0000021296513237E-002                  1.6271153310396924E-001                  1.8439172570675639E-002                  1.2323569807728032E-051 
                                     655                  3.3335503460659521E+000                 -8.5969931015189946E-002                  7.0671878003982629E+000                  5.6920756434625719E-001                  1.5765805930890224E+001                  6.9999936522166772E-001                  2.8000060900748724E-001                  2.0000025770845031E-002                  1.7421109716597771E-001                  2.2307344546386988E-002                  2.0452154881561784E-051 
                                     656                  3.3136568267096611E+000                 -8.7966200463755140E-002                  7.0696416107934441E+000                  5.7658015630734039E-001                  1.5775635249919976E+001                  6.9999933613202259E-001                  2.8000063459417945E-001                  2.0000029273797959E-002                  1.8239967138093294E-001                  2.5335481351679508E-002                  2.8696122069197431E-051 
                                     657                  3.2935736427527673E+000                 -8.9975179209616049E-002                  7.0721021768778920E+000                  5.8393842592455314E-001                  1.5785457330118872E+001                  6.9999930555451884E-001                  2.8000066119124717E-001                  2.0000033254234051E-002                  1.9103346686617795E-001                  2.8776261969127599E-002                  4.0269823765463377E-051 
                                     658                  3.2733000061574780E+000                 -9.1997092170758271E-002                  7.0745695719341102E+000                  5.9128220346206561E-001                  1.5795272078165386E+001                  6.9999927339117418E-001                  2.8000068883137375E-001                  2.0000037777452073E-002                  2.0014392392308697E-001                  3.2686178108216224E-002                  5.6521076992802260E-051 
                                     659                  3.2528351516944540E+000                 -9.4032170466124596E-002                  7.0770438757783385E+000                  5.9861131276571611E-001                  1.5805079401130245E+001                  6.9999923953489096E-001                  2.8000071754734229E-001                  2.0000042917766692E-002                  2.0976544584976417E-001                  3.7129505678452128E-002                  7.9344607486875807E-051 
                                     660                  3.2321783378294398E+000                 -9.6080651657917640E-002                  7.0795251748272747E+000                  6.0592557120850665E-001                  1.5814879206492648E+001                  6.9999920386836079E-001                  2.8000074737195696E-001                  2.0000048759682310E-002                  2.1993573502184807E-001                  4.2179387367362105E-002                  1.1140459424336197E-050 
                                     661                  3.2113288476374802E+000                 -9.8142780004470895E-002                  7.0820135621749616E+000                  6.1322478962623905E-001                  1.5824671402157213E+001                  6.9999916626281589E-001                  2.8000077833782722E-001                  2.0000055399356897E-002                  2.3069616999452064E-001                  4.7919067688371696E-002                  1.5644806562538668E-050 
                                     662                  3.1902859897473195E+000                 -1.0021880672414447E-001                  7.0845091376810876E+000                  6.2050877224519863E-001                  1.5834455896474879E+001                  6.9999912657661345E-001                  2.8000081047718828E-001                  2.0000062946198272E-002                  2.4209222861119134E-001                  5.4443302333145246E-002                  2.1974637724384987E-050 
                                     663                  3.1690490993023404E+000                 -1.0230899027234922E-001                  7.0870120080722554E+000                  6.2777731660418179E-001                  1.5844232598272155E+001                  6.9999908465362637E-001                  2.8000084382162138E-001                  2.0000071524752250E-002                  2.5417396265520392E-001                  6.1859966843634803E-002                  3.0871732593495866E-050 
                                     664                  3.1476175389339454E+000                 -1.0441359663289265E-001                  7.0895222870544714E+000                  6.3503021346434485E-001                  1.5854001416880035E+001                  6.9999904032140958E-001                  2.8000087840184384E-001                  2.0000081276746573E-002                  2.6699653015105268E-001                  7.0291893286039575E-002                  4.3380211853886681E-050 
                                     665                  3.1259906997913069E+000                 -1.0653289962020206E-001                  7.0920400954359772E+000                  6.4226724670257418E-001                  1.5863762262157310E+001                  6.9999899338911176E-001                  2.8000091424735363E-001                  2.0000092363534616E-002                  2.8062079203695711E-001                  7.9878967799248829E-002                  6.0970205661084164E-050 
                                     666                  3.1041680026098586E+000                 -1.0866718119505771E-001                  7.0945655612623222E+000                  6.4948819319190854E-001                  1.5873515044513896E+001                  6.9999894364509552E-001                  2.8000095138607711E-001                  2.0000104968827426E-002                  2.9511398058294835E-001                  9.0780526754602492E-002                  8.5712316423692586E-050 
                                     667                  3.0821488988160355E+000                 -1.1081673179512105E-001                  7.0970988199645966E+000                  6.5669282266913032E-001                  1.5883259674935918E+001                  6.9999889085421507E-001                  2.8000098984396632E-001                  2.0000119301818664E-002                  3.1055044757261124E-001                  1.0317809482253842E-001                  1.2052383910435023E-049 
                                     668                  3.0599328716673293E+000                 -1.1298185068134910E-001                  7.0996400145207836E+000                  6.6388089758770841E-001                  1.5892996065010255E+001                  6.9999883475471636E-001                  2.8000102964448492E-001                  2.0000135600798719E-002                  3.2701250090020156E-001                  1.1727851464016820E-001                  1.6951640223050264E-049 
                                     669                  3.0375194374414747E+000                 -1.1516284630010014E-001                  7.1021892951849210E+000                  6.7105217338955547E-001                  1.5902724126918226E+001                  6.9999877505468788E-001                  2.8000107080812431E-001                  2.0000154137187809E-002                  3.4459133701482703E-001                  1.3331752271188074E-001                  2.3848701424363841E-049 
                                     670                  3.0149081468089300E+000                 -1.1736003664674026E-001                  7.1047468165030292E+000                  6.7820640157119050E-001                  1.5912443773415037E+001                  6.9999871142803405E-001                  2.8000111335174188E-001                  2.0000175220224126E-002                  3.6338806811083452E-001                  1.5156382059826407E-001                  3.3561188540733774E-049 
                                     671                  2.9920985861859490E+000                 -1.1957374963718345E-001                  7.1073127336944104E+000                  6.8534333343556020E-001                  1.5922154917839025E+001                  6.9999864350988339E-001                  2.8000115728785746E-001                  2.0000199202259150E-002                  3.8351485704631544E-001                  1.7232371449446260E-001                  4.7242712660073542E-049 
                                     672                  2.9690903790668934E+000                 -1.2180432348419890E-001                  7.1098872017517838E+000                  6.9246272104263351E-001                  1.5931857474134571E+001                  6.9999857089131878E-001                  2.8000120262386757E-001                  2.0000226484813588E-002                  4.0509618310310191E-001                  1.9594642451954888E-001                  6.6521563779841410E-049 
                                     673                  2.9458831874012996E+000                 -1.2405210708676875E-001                  7.1124703755827605E+000                  6.9956431708101319E-001                  1.5941551356873754E+001                  6.9999849311333606E-001                  2.8000124936112686E-001                  2.0000257525537135E-002                  4.2827024383063961E-001                  2.2283015606537501E-001                  9.3696929293779710E-049 
                                     674                  2.9224767130182605E+000                 -1.2631746043881406E-001                  7.1150624101452573E+000                  7.0664787474751645E-001                  1.5951236481279677E+001                  6.9999840965992721E-001                  2.8000129749399694E-001                  2.0000292846075851E-002                  4.5319049739526290E-001                  2.5342903730526067E-001                  1.3201662760901322E-048 
                                     675                  2.8988706990862534E+000                 -1.2860075505976232E-001                  7.1176634605649580E+000                  7.1371314761271121E-001                  1.5960912763217104E+001                  6.9999831995014916E-001                  2.8000134700870954E-001                  2.0000333041141349E-002                  4.8002735188153933E-001                  2.8826104684869158E-001                  1.8607040739355106E-048 
                                     676                  2.8750649317933736E+000                 -1.3090237443040451E-001                  7.1202736822288246E+000                  7.2075988945932512E-001                  1.5970580119131515E+001                  6.9999822332902628E-001                  2.8000139788214273E-001                  2.0000378788830986E-002                  5.0897000551371274E-001                  3.2791707290666167E-001                  2.6234715998942795E-048 
                                     677                  2.8510592421705288E+000                 -1.3322271444302472E-001                  7.1228932308738528E+000                  7.2778785415057023E-001                  1.5980238466011940E+001                  6.9999811905710396E-001                  2.8000145008047095E-001                  2.0000430862425089E-002                  5.4022843837238976E-001                  3.7307126530834867E-001                  3.7002472029656884E-048 
                                     678                  2.8268535077764763E+000                 -1.3556218389446939E-001                  7.1255222626759185E+000                  7.3479679554477251E-001                  1.5989887721398752E+001                  6.9999800629846110E-001                  2.8000150355763626E-001                  2.0000490143902594E-002                  5.7403555122443839E-001                  4.2449286499167860E-001                  5.2208989629769471E-048 
                                     679                  2.8024476544192387E+000                 -1.3792120500682065E-001                  7.1281609343268917E+000                  7.4178646742398457E-001                  1.5999527803395951E+001                  6.9999788410692720E-001                  2.8000155825376477E-001                  2.0000557639308081E-002                  6.1064943995703214E-001                  4.8305972094727223E-001                  7.3692760593763266E-048 
                                     680                  2.7778416579347014E+000                 -1.4030021397544160E-001                  7.1308094030978806E+000                  7.4875662344049321E-001                  1.6009158630685167E+001                  6.9999775141024512E-001                  2.8000161409336621E-001                  2.0000634496388670E-002                  6.5035578510849612E-001                  5.4977373434766685E-001                  1.0405768450273625E-047 
                                     681                  2.7530355460203402E+000                 -1.4269966154642486E-001                  7.1334678268856475E+000                  7.5570701711458699E-001                  1.6018780122536139E+001                  6.9999760689807899E-001                  2.8000167099001694E-001                  2.0000722111904068E-002                  6.9346990780449247E-001                  6.2577840432179732E-001                  1.4699346824641877E-047 
                                     682                  2.7280294001575580E+000                 -1.4512001362194771E-001                  7.1354681190030727E+000                  7.6091640603608568E-001                  1.6025999536890822E+001                  6.9999749041843706E-001                  2.8000171426279441E-001                  2.0000795318768527E-002                  7.2826679423071827E-001                  6.8966939533442273E-001                  1.9052217141749181E-047 
                                     683                  2.7154263789422024E+000                 -1.4634058228689734E-001                  7.1368049597197709E+000                  7.6437656128603504E-001                  1.6030803231715062E+001                  6.9999740805943722E-001                  2.8000174338420780E-001                  2.0000848556354978E-002                  7.5270622216147742E-001                  7.3586846771876735E-001                  2.2651320710394237E-047 
                                     684                  2.7028233577268468E+000                 -1.4756171993064629E-001                  7.1381443745025912E+000                  7.6783157252474310E-001                  1.6035604479572701E+001                  6.9999732193094921E-001                  2.8000177271746274E-001                  2.0000905351588050E-002                  7.7820556929175078E-001                  7.8518674989437753E-001                  2.6933170047720078E-047 
                                     685                  2.6901204859102976E+000                 -1.4879316689231376E-001                  7.1394863919677514E+000                  7.7128153692914747E-001                  1.6040403406540353E+001                  6.9999723209795162E-001                  2.8000180218813764E-001                  2.0000965713910746E-002                  8.0481884419709326E-001                  8.3783742703075337E-001                  3.2027911565858487E-047 
                                     686                  2.6774176140937489E+000                 -1.5002530993937974E-001                  7.1408310229457790E+000                  7.7472629532980486E-001                  1.6045199865871023E+001                  6.9999713753928960E-001                  2.8000183185053379E-001                  2.0001030610176551E-002                  8.3259660126072510E-001                  8.9404578368448406E-001                  3.8090510896742421E-047 
                                     687                  2.6646150194058413E+000                 -1.5126789038845523E-001                  7.1421782972615269E+000                  7.7816594545794104E-001                  1.6049993985611966E+001                  6.9999703872245767E-001                  2.8000186161917995E-001                  2.0001099658362387E-002                  8.6160058538375461E-001                  9.5405581219686686E-001                  4.5305754235780226E-047 
                                     688                  2.6518124247179342E+000                 -1.5251129893360593E-001                  7.1435282246575085E+000                  7.8160032715347727E-001                  1.6054785617171866E+001                  6.9999693522313022E-001                  2.8000189149512561E-001                  2.0001173281744222E-002                  8.9188996336472293E-001                  1.0181256795445133E+000                  5.3893711852281830E-047 
                                     689                  2.6389102660244919E+000                 -1.5376527690032690E-001                  7.1448808361811977E+000                  7.8502953923948315E-001                  1.6059574890609763E+001                  6.9999682659416718E-001                  2.8000192144371944E-001                  2.0001251962113331E-002                  9.2352640407161712E-001                  1.0865326179899488E+000                  6.4116875741973132E-047 
                                     690                  2.6260081073310495E+000                 -1.5502022011083383E-001                  7.1462361404709238E+000                  7.8845342066511015E-001                  1.6064361655453986E+001                  6.9999671269310282E-001                  2.8000195144597012E-001                  2.0001335860927005E-002                  9.5657634664964464E-001                  1.1595718242524433E+000                  7.6287936120806898E-047 
                                     691                  2.6130065757586487E+000                 -1.5628586885380144E-001                  7.1475941698074763E+000                  7.9187207104536228E-001                  1.6069146043818016E+001                  6.9999659301038564E-001                  2.8000198146121491E-001                  2.0001425528399452E-002                  9.9110640835739983E-001                  1.2375598076758891E+000                  9.0779980660389628E-047 
                                     692                  2.6000050441862479E+000                 -1.5755262537068343E-001                  7.1489549316890297E+000                  7.9528532855471012E-001                  1.6073927903312722E+001                  6.9999646738234478E-001                  2.8000201146901638E-001                  2.0001521148638846E-002                  1.0271887362535690E+000                  1.3208335569989542E+000                  1.0803752722478573E-046 
                                     693                  2.5869043642852829E+000                 -1.5883022778743203E-001                  7.1503184596366349E+000                  7.9869329363990083E-001                  1.6078707368150344E+001                  6.9999633522774551E-001                  2.8000204142221774E-001                  2.0001623350036746E-002                  1.0648948299038987E+000                  1.4097543892529880E+000                  1.2859112779297046E-046 
                                     694                  2.5738036843843179E+000                 -1.6010908615074090E-001                  7.1516847599280071E+000                  8.0209580375031397E-001                  1.6083484283991041E+001                  6.9999619635844479E-001                  2.8000207129904853E-001                  2.0001732342506684E-002                  1.1043026176946684E+000                  1.5047069764594698E+000                  1.5307306864117479E-046 
                                     695                  2.5606041153036396E+000                 -1.6139893521386334E-001                  7.1530538671260819E+000                  8.0549296041929630E-001                  1.6088258787191847E+001                  6.9999605011084043E-001                  2.8000210104538531E-001                  2.0001848843774317E-002                  1.1454882432315037E+000                  1.6061037187876752E+000                  1.8223824245566943E-046 
                                     696                  2.5474045462229613E+000                 -1.6269019431329926E-001                  7.1544257858738955E+000                  8.0888460076628754E-001                  1.6093030721428185E+001                  6.9999589626856396E-001                  2.8000213063831381E-001                  2.0001973093122238E-002                  1.1885353418327307E+000                  1.7143836360833913E+000                  2.1698647093761304E-046 
                                     697                  2.5341063829225723E+000                 -1.6399259352792897E-001                  7.1558005514665775E+000                  8.1227082778374771E-001                  1.6097800225249472E+001                  6.9999573407333593E-001                  2.8000216001638994E-001                  2.0002105910274182E-002                  1.2335242397073307E+000                  1.8300173166003499E+000                  2.5839242435851178E-046 
                                     698                  2.5208082196221837E+000                 -1.6529656307275664E-001                  7.1571781667653918E+000                  8.1565147843042596E-001                  1.6102567140307173E+001                  6.9999556313238775E-001                  2.8000218916215791E-001                  2.0002247705454335E-002                  1.2805422541562872E+000                  1.9535052414619472E+000                  3.0773739788079592E-046 
                                     699                  2.5074117941487080E+000                 -1.6661182695035312E-001                  7.1585586677931170E+000                  8.1902665699293564E-001                  1.6107331607392300E+001                  6.9999538315396781E-001                  2.8000221798124314E-001                  2.0002398864789050E-002                  1.3296803544742986E+000                  2.0853861447094895E+000                  3.6655212830298091E-046 
                                     700                  2.4940153686752322E+000                 -1.6792882795918698E-001                  7.1599420555899522E+000                  8.2239620056542140E-001                  1.6112093466091501E+001                  6.9999519280444933E-001                  2.8000224648529115E-001                  2.0002560710259520E-002                  1.3810188114255917E+000                  2.2262278728383533E+000                  4.3666205427287488E-046 
                                     701                  2.4805210514820066E+000                 -1.6925728251709143E-001                  7.1613283669079761E+000                  8.2576021484676521E-001                  1.6116852859488244E+001                  6.9999499207551275E-001                  2.8000227458101368E-001                  2.0002733343473578E-002                  1.4346575174198586E+000                  2.3766461614593100E+000                  5.2024872644709810E-046 
                                     702                  2.4670267342887806E+000                 -1.7058764783460958E-001                  7.1627176009217299E+000                  8.2911853649926603E-001                  1.6121609625062021E+001                  6.9999478016173433E-001                  2.8000230223302441E-001                  2.0002917605241199E-002                  1.4906873265226543E+000                  2.5372908534799912E+000                  6.1991430791903479E-046 
                                     703                  2.4534349356011855E+000                 -1.7192963112383738E-001                  7.1641097951102859E+000                  8.3247127315332170E-001                  1.6126363908241313E+001                  6.9999455614672179E-001                  2.8000232937925063E-001                  2.0003114474027583E-002                  1.5491995727910781E+000                  2.7088608149368518E+000                  7.3876958398960798E-046 
                                     704                  2.4398431369135904E+000                 -1.7327370597026040E-001                  7.1655049467312217E+000                  8.3581826117633151E-001                  1.6131115544354135E+001                  6.9999431941508117E-001                  2.8000235597297973E-001                  2.0003324611939099E-002                  1.6102908898693868E+000                  2.8920977520361988E+000                  8.8052590690279507E-046 
                                     705                  2.4261543081446320E+000                 -1.7462956863453663E-001                  7.1669030939836427E+000                  8.3915960988923088E-001                  1.6135864681228256E+001                  6.9999406891677884E-001                  2.8000238194708871E-001                  2.0003549136132448E-002                  1.6740525640361172E+000                  3.0877980297989644E+000                  1.0496215184183915E-045 
                                     706                  2.4124654793756735E+000                 -1.7598771118462905E-001                  7.1683042321516632E+000                  8.4249515548952669E-001                  1.6140611151998623E+001                  6.9999380394456356E-001                  2.8000240725442710E-001                  2.0003788801009392E-002                  1.7405817578576865E+000                  3.2968065389963006E+000                  1.2513527634159686E-045 
                                     707                  2.3986801145656544E+000                 -1.7735781705501566E-001                  7.1697084001421683E+000                  8.4582500906444402E-001                  1.6145355106948429E+001                  6.9999352329468545E-001                  2.8000243182346818E-001                  2.0004044881846372E-002                  1.8099674174895579E+000                  3.5200301880761273E+000                  1.4920553831789321E-045 
                                     708                  2.3848947497556350E+000                 -1.7873039905571075E-001                  7.1711155912047859E+000                  8.4914900667531612E-001                  1.6150096376986085E+001                  6.9999322615432646E-001                  2.8000245560785497E-001                  2.0004318237818564E-002                  1.8823050988180590E+000                  3.7584307904054053E+000                  1.7792917129981822E-045 
                                     709                  2.3710133870047478E+000                 -1.8011512578655225E-001                  7.1725258449359277E+000                  8.5246726126073380E-001                  1.6154835114908138E+001                  6.9999291114302509E-001                  2.8000247853267901E-001                  2.0004610324295902E-002                  1.9576785481749359E+000                  4.0130403702133037E+000                  2.1221111150043467E-045 
                                     710                  2.3571320242538607E+000                 -1.8150253321724560E-001                  7.1739391524785683E+000                  8.5577960877963399E-001                  1.6159571149350917E+001                  6.9999257732680453E-001                  2.8000250055395465E-001                  2.0004922119240875E-002                  2.0361790873423304E+000                  4.2849530042764661E+000                  2.5313173186450398E-045 
                                     711                  2.3431552472662860E+000                 -1.8290227295433828E-001                  7.1753555540936045E+000                  8.5908616411733707E-001                  1.6164304635684275E+001                  6.9999222312221610E-001                  2.8000252159475819E-001                  2.0005255283025658E-002                  2.1178818047424328E+000                  4.5753420489021135E+000                  3.0198427693890830E-045 
                                     712                  2.3291784702787113E+000                 -1.8430490672117658E-001                  7.1767750387353280E+000                  8.6238676320573282E-001                  1.6169035400222196E+001                  6.9999184732076936E-001                  2.8000254193034180E-001                  2.0005610748888847E-002                  2.2028877571779044E+000                  4.8854491667926272E+000                  3.6031305442802929E-045 
                                     713                  2.3151069099786872E+000                 -1.8572006680881969E-001                  7.1781976472961624E+000                  8.6568152284333466E-001                  1.6173763600969810E+001                  6.9999144864806107E-001                  2.8000256022476594E-001                  2.0005991127173051E-002                  2.2911901555699097E+000                  5.2166139948650363E+000                  4.2996724291978762E-045 
                                     714                  2.3010353496786635E+000                 -1.8713834347996547E-001                  7.1796233664503175E+000                  8.6897027920293046E-001                  1.6178489061866379E+001                  6.9999102485820930E-001                  2.8000257833166226E-001                  2.0006396810128502E-002                  2.3829608101630302E+000                  5.5702353760016869E+000                  5.1315549458956161E-045 
                                     715                  2.2868696858864701E+000                 -1.8856934721154117E-001                  7.1810522376805883E+000                  8.7225315108119938E-001                  1.6183211943616438E+001                  6.9999057485645089E-001                  2.8000259492380697E-001                  2.0006830219742144E-002                  2.4781875172113277E+000                  5.9478364590320414E+000                  6.1252333365471084E-045 
                                     716                  2.2727040220942776E+000                 -1.9000369979696463E-001                  7.1824842452767390E+000                  8.7552997458628978E-001                  1.6187932067729559E+001                  6.9999009673299561E-001                  2.8000261027784507E-001                  2.0007292989159264E-002                  2.5769346553560188E+000                  6.3510120330094315E+000                  7.3123124392486349E-045 
                                     717                  2.2584449852660735E+000                 -1.9145098721151257E-001                  7.1839194312610370E+000                  8.7880087104293603E-001                  1.6192649597676027E+001                  6.9998958833993086E-001                  2.8000262434323053E-001                  2.0007787316838610E-002                  2.6792335085370294E+000                  6.7814769192405882E+000                  8.7306608347883272E-045 
                                     718                  2.2441859484378708E+000                 -1.9290186599308687E-001                  7.1853577774237891E+000                  8.8206567660116075E-001                  1.6197364352478527E+001                  6.9998904780156723E-001                  2.8000263708905815E-001                  2.0008315109374619E-002                  2.7851134546466660E+000                  7.2410394608516606E+000                  1.0425527995711808E-044 
                                     719                  2.2298343214705776E+000                 -1.9436589472116442E-001                  7.1867993262642118E+000                  8.8532451502770582E-001                  1.6202076498441635E+001                  6.9998847265752118E-001                  2.8000264847462447E-001                  2.0008878867854296E-002                  2.8945798151867588E+000                  7.7316388952343083E+000                  1.2451148456271006E-044 
                                     720                  2.2154826945032839E+000                 -1.9583376813247902E-001                  7.1882440569488644E+000                  8.8857722274599460E-001                  1.6206785852056900E+001                  6.9998786063890894E-001                  2.8000265849266787E-001                  2.0009480868423246E-002                  3.0076325852328618E+000                  8.2553163310138178E+000                  1.4872340828156974E-044 
                                     721                  2.2010393145126175E+000                 -1.9731501430512427E-001                  7.1896920123793882E+000                  8.9182392593960924E-001                  1.6211492582534042E+001                  6.9998720941972925E-001                  2.8000266708072713E-001                  2.0010123499543564E-002                  3.1242622256862500E+000                  8.8142669792594699E+000                  1.7766818774386549E-044 
                                     722                  2.1865959345219497E+000                 -1.9880036987836505E-001                  7.1911431689575958E+000                  8.9506446164802900E-001                  1.6216196503781653E+001                  6.9998651569412551E-001                  2.8000267429996234E-001                  2.0010810005912205E-002                  3.2444140389656120E+000                  9.4107812033973932E+000                  2.1227480909663091E-044 
                                     723                  2.1720616947184870E+000                 -2.0029932909112919E-001                  7.1925975698987461E+000                  8.9829895874254617E-001                  1.6220897787987813E+001                  6.9998577699562237E-001                  2.8000268009706991E-001                  2.0011542907307778E-002                  3.3680529082703794E+000                  1.0047333831107618E+001                  2.5365741256082443E-044 
                                     724                  2.1575274549150238E+000                 -2.0180267446013642E-001                  7.1940551886799318E+000                  9.0152725450947058E-001                  1.6225596246413655E+001                  6.9998499019661264E-001                  2.8000268450597487E-001                  2.0012325297412481E-002                  3.4951068242464149E+000                  1.0726508077582610E+001                  3.0314809577248004E-044 
                                     725                  2.1429033066140630E+000                 -2.0331986279137987E-001                  7.1955160687254764E+000                  9.0474948105091535E-001                  1.6230292054301284E+001                  6.9998415176244422E-001                  2.8000268754801244E-001                  2.0013160689543286E-002                  3.6254809767234795E+000                  1.1451072333396509E+001                  3.6234493589914999E-044 
                                     726                  2.1282791583131022E+000                 -2.0484172675515835E-001                  7.1969801804081692E+000                  9.0796547620427448E-001                  1.6234985020196049E+001                  6.9998325825866381E-001                  2.8000268927670269E-001                  2.0014052464633503E-002                  3.7590686255152450E+000                  1.2223922411537957E+001                  4.3315899522018756E-044 
                                     727                  2.1135661130284000E+000                 -2.0637768185009958E-001                  7.1984475672397892E+000                  9.1117537511679081E-001                  1.6239675322472184E+001                  6.9998230609244239E-001                  2.8000268970490200E-001                  2.0015004202655673E-002                  3.8957502798108701E+000                  1.3048164524784356E+001                  5.1788358981453873E-044 
                                     728                  2.0988530677436983E+000                 -2.0791861550268720E-001                  7.1999181962887135E+000                  9.1437901660851173E-001                  1.6244362766887022E+001                  6.9998129075443893E-001                  2.8000268896851765E-001                  2.0016020277043411E-002                  4.0353553810036988E+000                  1.3927018774818096E+001                  6.1926167240651793E-044 
                                     729                  2.0840521993681116E+000                 -2.0947389772784961E-001                  7.2013921111056556E+000                  9.1757653911545434E-001                  1.6249047535027632E+001                  6.9998020830286789E-001                  2.8000268710049253E-001                  2.0017104596639523E-002                  4.1777304142980229E+000                  1.4863950442980419E+001                  7.4058578574307765E-044 
                                     730                  2.0692513309925249E+000                 -2.1103447566270264E-001                  7.2028692759509934E+000                  9.2076778144313376E-001                  1.6253729429785718E+001                  6.9997905420197648E-001                  2.8000268422391955E-001                  2.0018261574104024E-002                  4.3226840291022794E+000                  1.5862550123741917E+001                  8.8579473731062967E-044 
                                     731                  2.0543637780773918E+000                 -2.1260966933768013E-001                  7.2043497359903981E+000                  9.2395288406354148E-001                  1.6258408636044546E+001                  6.9997782338439185E-001                  2.8000268045928134E-001                  2.0019496156326810E-002                  4.4700013505722742E+000                  1.6926650160914619E+001                  1.0596179972293296E-043 
                                     732                  2.0394762251622587E+000                 -2.1419049094806342E-001                  7.2058334542296230E+000                  9.2713168425429393E-001                  1.6263084953759094E+001                  6.9997651083769519E-001                  2.8000267595892869E-001                  2.0020813203376120E-002                  4.6194572570888219E+000                  1.8060223503390908E+001                  1.2677144296868082E-043 
                                     733                  2.0245031932269217E+000                 -2.1578620570189974E-001                  7.2073204781019262E+000                  9.3030432361259841E-001                  1.6267758571195827E+001                  6.9997511119146993E-001                  2.8000267085496089E-001                  2.0022217953569177E-002                  4.7708156433002200E+000                  1.9267509419138392E+001                  1.5168808738341263E-043 
                                     734                  2.0095301612915839E+000                 -2.1738789662039609E-001                  7.2088107691914276E+000                  9.3347063828308607E-001                  1.6272429285310437E+001                  6.9997361821448667E-001                  2.8000266539281965E-001                  2.0023716392693736E-002                  4.9237920222254870E+000                  2.0552856409447735E+001                  1.8152512858186079E-043 
                                     735                  1.9944729251557769E+000                 -2.1900476888562018E-001                  7.2103043769831396E+000                  9.3663077130500638E-001                  1.6277097287843930E+001                  6.9997202622649279E-001                  2.8000265971516303E-001                  2.0025314058344179E-002                  5.0781375550453456E+000                  2.1920923457816070E+001                  2.1725981997276539E-043 
                                     736                  1.9794156890199706E+000                 -2.2062798254868610E-001                  7.2118012613036004E+000                  9.3978455762246449E-001                  1.6281762372668897E+001                  6.9997032863554554E-001                  2.8000265407204578E-001                  2.0027017292408633E-002                  5.2335558598268141E+000                  2.3376465406514232E+001                  2.6006186838387463E-043 
                                     737                  1.9642755953542745E+000                 -2.2226667714944184E-001                  7.2133014734411152E+000                  9.4293214244927559E-001                  1.6286424735096688E+001                  6.9996851846587094E-001                  2.8000264871515723E-001                  2.0028832818971831E-002                  5.3897536480127286E+000                  2.4924529681354429E+001                  3.1133702641052232E-043 
                                     738                  1.9491355016885787E+000                 -2.2391209645959023E-001                  7.2148049710929305E+000                  9.4607335989590868E-001                  1.6291084165825911E+001                  6.9996658857330352E-001                  2.8000264392102564E-001                  2.0030767505670788E-002                  5.5464265740882830E+000                  2.6570261023880008E+001                  3.7276816318935800E-043 
                                     739                  1.9339139717000216E+000                 -2.2557330830647560E-001                  7.2163118070700119E+000                  9.4920835748405719E-001                  1.6295740863838517E+001                  6.9996453135846737E-001                  2.8000263996130753E-001                  2.0032828680225157E-002                  5.7032766157868364E+000                  2.8319099879758877E+001                  4.4637832579223134E-043 
                                     740                  1.9186924417114644E+000                 -2.2724164740531297E-001                  7.2174439095677396E+000                  9.5155697257611715E-001                  1.6299232806345046E+001                  6.9996290009757922E-001                  2.8000263777542400E-001                  2.0034462126996777E-002                  5.8208396714687609E+000                  2.9701581113422865E+001                  5.1101148070238552E-043 
                                     741                  1.9110417078330801E+000                 -2.2808293936787669E-001                  7.2182007993431885E+000                  9.5312175334201144E-001                  1.6301562029284778E+001                  6.9996176703779545E-001                  2.8000263672935988E-001                  2.0035596232844677E-002                  5.8992146472338893E+000                  3.0659709274943694E+001                  5.5931251169308563E-043 
                                     742                  1.9033909739546950E+000                 -2.2892609671807326E-001                  7.2193354134464149E+000                  9.5545932674147571E-001                  1.6305045608912643E+001                  6.9996000222568255E-001                  2.8000263592660740E-001                  2.0037361847710100E-002                  6.0162671884491807E+000                  3.2148349982257024E+001                  6.4031503725593664E-043 
                                     743                  1.8880895061979264E+000                 -2.3061810287754952E-001                  7.2208521899165659E+000                  9.5857530041669992E-001                  1.6309693660542848E+001                  6.9995751322414479E-001                  2.8000263653063828E-001                  2.0039850245216928E-002                  6.1718147043408571E+000                  3.4240337761311380E+001                  7.6704219797720987E-043 
                                     744                  1.8727096795187514E+000                 -2.3232656347733824E-001                  7.2223723209683364E+000                  9.6168502560583935E-001                  1.6314338960343171E+001                  6.9995486232028270E-001                  2.8000263939322984E-001                  2.0042498286487520E-002                  6.3263469605874567E+000                  3.6458544997600519E+001                  9.1896644221259612E-043 
                                     745                  1.8573298528395767E+000                 -2.3404301915365916E-001                  7.2238957553446257E+000                  9.6478833625266003E-001                  1.6318981288891560E+001                  6.9995204000774491E-001                  2.8000264492383414E-001                  2.0045315068420999E-002                  6.4795874892948540E+000                  3.8808955628960568E+001                  1.1011122252136043E-042 
                                     746                  1.8418733294655554E+000                 -2.3577628102145129E-001                  7.2254225484242767E+000                  9.6788538975525595E-001                  1.6323620856829532E+001                  6.9994903622764570E-001                  2.8000265352953468E-001                  2.0048310242819611E-002                  6.6312870790386107E+000                  4.1297778869098963E+001                  1.3195245250683904E-042 
                                     747                  1.8264168060915338E+000                 -2.3751800601487302E-001                  7.2265697026899698E+000                  9.7020564960641820E-001                  1.6327100131451378E+001                  6.9994665800629396E-001                  2.8000266231699328E-001                  2.0050679676712813E-002                  6.7439106217276628E+000                  4.3258836266309324E+001                  1.5114311813882304E-042 
                                     748                  1.8186510705187886E+000                 -2.3839634499488918E-001                  7.2273365151109177E+000                  9.7175125314373345E-001                  1.6329420518846334E+001                  6.9994500835305107E-001                  2.8000266936482959E-001                  2.0052322282119395E-002                  6.8184755506877730E+000                  4.4614308193723652E+001                  1.6548828169847686E-042 
                                     749                  1.8108853349460436E+000                 -2.3927689674795963E-001                  7.2284860998105946E+000                  9.7406037214441010E-001                  1.6332891236948203E+001                  6.9994244209093093E-001                  2.8000268186800714E-001                  2.0054876041061931E-002                  6.9291206060210557E+000                  4.6714925952919998E+001                  1.8955837335993479E-042 
                                     750                  1.7953538638005533E+000                 -2.4104475052977381E-001                  7.2300228544997438E+000                  9.7713831756257263E-001                  1.6337522056636580E+001                  6.9993882991802570E-001                  2.8000270254092641E-001                  2.0058467541047897E-002                  7.0748574873885142E+000                  4.9655327192702678E+001                  2.2723822906271882E-042 
                                     751                  1.7797492839499274E+000                 -2.4283015954158618E-001                  7.2315629637414620E+000                  9.8021000446268680E-001                  1.6342150099686165E+001                  6.9993499233647205E-001                  2.8000272823286054E-001                  2.0062279430667407E-002                  7.2182542390408013E+000                  5.2758171587017237E+001                  2.7244034857334759E-042 
                                     752                  1.7641447040993015E+000                 -2.4462504378977221E-001                  7.2331063629318102E+000                  9.8327526998815407E-001                  1.6346775135469539E+001                  6.9993091776583183E-001                  2.8000275947372844E-001                  2.0066322760439737E-002                  7.3591777914187322E+000                  5.6028907987642114E+001                  3.2666992920073006E-042 
                                     753                  1.7484689483398324E+000                 -2.4643788229528610E-001                  7.2346531066299118E+000                  9.8633428590593575E-001                  1.6351397387355657E+001                  6.9992659395945589E-001                  2.8000279682494034E-001                  2.0070609215603774E-002                  7.4975346423994926E+000                  5.9472897920153130E+001                  3.9173914800453315E-042 
                                     754                  1.7327931925803635E+000                 -2.4826074357310415E-001                  7.2362031248032865E+000                  9.8938689107534905E-001                  1.6356016620709738E+001                  6.9992200890073186E-001                  2.8000284086037686E-001                  2.0075150238891282E-002                  7.6332575530391296E+000                  6.3094790901038763E+001                  4.6981916133479401E-042 
                                     755                  1.7170482912082430E+000                 -2.5010197573636883E-001                  7.2377564710432161E+000                  9.9243326290723266E-001                  1.6360633063401735E+001                  6.9991714995407328E-001                  2.8000289218884566E-001                  2.0079957857081054E-002                  7.7663207268034666E+000                  6.6898963833424745E+001                  5.6352444197040192E-042 
                                     756                  1.7013033898361225E+000                 -2.5195380841778670E-001                  7.2393130694764150E+000                  9.9547324217415889E-001                  1.6365246476638301E+001                  6.9991200487766059E-001                  2.8000295143892134E-001                  2.0085043683418125E-002                  7.8967258686400914E+000                  7.0888794226609619E+001                  6.7598749636650518E-042 
                                     757                  1.6854914746132514E+000                 -2.5382444724565972E-001                  7.2408729724970229E+000                  9.9850701215441262E-001                  1.6369857092927102E+001                  6.9990656104929416E-001                  2.8000301924746840E-001                  2.0090419703237439E-002                  8.0245209444510284E+000                  7.5067167198869214E+001                  8.1098111315011433E-042 
                                     758                  1.6696795593903806E+000                 -2.5570629667031308E-001                  7.2420450465324420E+000                  1.0007800890277756E+000                  1.6373315001395223E+001                  6.9990227420870887E-001                  2.8000307618664089E-001                  2.0094649604650239E-002                  8.1187161869538382E+000                  7.8325988980522865E+001                  9.2971003842619642E-042 
                                     759                  1.6617412135468959E+000                 -2.5665538365290658E-001                  7.2428282256827341E+000                  1.0022937754544479E+000                  1.6375620424792860E+001                  6.9989931385819848E-001                  2.8000311720060428E-001                  2.0097568941197297E-002                  8.1807899342810018E+000                  8.0560212768655134E+001                  1.0184872253416665E-041 
                                     760                  1.6538028677034113E+000                 -2.5760739906487079E-001                  7.2440024957596272E+000                  1.0045556201422436E+000                  1.6379069419487578E+001                  6.9989472798349861E-001                  2.8000318339389013E-001                  2.0102088622611314E-002                  8.2726002134421233E+000                  8.3994794917448161E+001                  1.1675661683396188E-041 
                                     761                  1.6379261760164421E+000                 -2.5952036494881869E-001                  7.2455720801098114E+000                  1.0075705137426094E+000                  1.6383671142441280E+001                  6.9988831487355574E-001                  2.8000328118010070E-001                  2.0108403946343500E-002                  8.3931432787034250E+000                  8.8743775763160613E+001                  1.4011272718649722E-041 
                                     762                  1.6219870554504368E+000                 -2.6145306791636663E-001                  7.2471448997825458E+000                  1.0105792696826612E+000                  1.6388270057206274E+001                  6.9988155515613482E-001                  2.8000339049675232E-001                  2.0115054347112915E-002                  8.5115823849725931E+000                  9.3680353221767930E+001                  1.6815688979726578E-041 
                                     763                  1.6060479348844310E+000                 -2.6339830809054465E-001                  7.2487208602551521E+000                  1.0135817335745450E+000                  1.6392865911407640E+001                  6.9987443844010799E-001                  2.8000351217393016E-001                  2.0122049385961849E-002                  8.6281208723896832E+000                  9.8800139038903183E+001                  2.0183083877946339E-041 
                                     764                  1.5900488481642387E+000                 -2.6536378347046763E-001                  7.2503000107325075E+000                  1.0165781058914052E+000                  1.6397458952334301E+001                  6.9986695439410407E-001                  2.8000364711151343E-001                  2.0129398494382444E-002                  8.7429997534904267E+000                  1.0409720562918915E+002                  2.4226928204602118E-041 
                                     765                  1.5740497614440470E+000                 -2.6734251787650198E-001                  7.2518822506981113E+000                  1.0195682327380007E+000                  1.6402048922659791E+001                  6.9985909444448080E-001                  2.8000379624502525E-001                  2.0137109310493950E-002                  8.8564787570480661E+000                  1.0956289932985851E+002                  2.9083165350622407E-041 
                                     766                  1.5579932913854206E+000                 -2.6934200921481716E-001                  7.2534676283605730E+000                  1.0225523200409175E+000                  1.6406636074907315E+001                  6.9985085036770844E-001                  2.8000396059625265E-001                  2.0145189036038902E-002                  8.9688510122114646E+000                  1.1518659861167379E+002                  3.4915610428695058E-041 
                                     767                  1.5419368213267943E+000                 -2.7135552436161853E-001                  7.2550560360416361E+000                  1.0255302150964416E+000                  1.6411220146584572E+001                  6.9984221619450926E-001                  2.8000414124008449E-001                  2.0153642565406304E-002                  9.0804234678752209E+000                  1.2095442523371976E+002                  4.1920501196526472E-041 
                                     768                  1.5258256760303153E+000                 -2.7339034330972062E-001                  7.2566475205357648E+000                  1.0285021295108510E+000                  1.6415801395612604E+001                  6.9983318678277506E-001                  2.8000433932451757E-001                  2.0162473892707311E-002                  9.1915349568873754E+000                  1.2685013617643700E+002                  5.0334326328483957E-041 
                                     769                  1.5097145307338360E+000                 -2.7543999712602890E-001                  7.2578432657052483E+000                  1.0307292634670957E+000                  1.6419237697574804E+001                  6.9982615205950738E-001                  2.8000450017004264E-001                  2.0169347770449986E-002                  9.2748096096980515E+000                  1.3134500555919394E+002                  5.7739389777444707E-041 
                                     770                  1.5016330399017426E+000                 -2.7647382056030945E-001                  7.2586418812092033E+000                  1.0322118439991923E+000                  1.6421527886263146E+001                  6.9982133480357323E-001                  2.8000461355953155E-001                  2.0174051636895229E-002                  9.3303858003533371E+000                  1.3437242552283084E+002                  6.3276455688676790E-041 
                                     771                  1.4935515490696487E+000                 -2.7751151876974722E-001                  7.2598394238017265E+000                  1.0344277463783347E+000                  1.6424954857937074E+001                  6.9981393335859465E-001                  2.8000479297925962E-001                  2.0181273662145727E-002                  9.4137751913884404E+000                  1.3894230371322175E+002                  7.2579948373677620E-041 
                                     772                  1.4773885674054617E+000                 -2.7959874592684925E-001                  7.2614397728517632E+000                  1.0373815344013242E+000                  1.6429527088694869E+001                  6.9980371027298460E-001                  2.8000505132950748E-001                  2.0191238397507916E-002                  9.5256535720694124E+000                  1.4508910433973105E+002                  8.7162021513587663E-041 
                                     773                  1.4611767248095742E+000                 -2.8170845294072749E-001                  7.2630430644128241E+000                  1.0403294634358120E+000                  1.6434096488117849E+001                  6.9979309392768507E-001                  2.8000533277458106E-001                  2.0201573297733866E-002                  9.6385592797511208E+000                  1.5126414003459610E+002                  1.0467936736312204E-040 
                                     774                  1.4449648822136865E+000                 -2.8383477083617242E-001                  7.2646491789744028E+000                  1.0432713705895917E+000                  1.6438662776786288E+001                  6.9978209199913921E-001                  2.8000563900489345E-001                  2.0212268995967397E-002                  9.7528881355167272E+000                  1.5743311157266035E+002                  1.2572214228866528E-040 
                                     775                  1.4287072968304804E+000                 -2.8598420174697170E-001                  7.2662581740150696E+000                  1.0462074678890692E+000                  1.6443226229873211E+001                  6.9977071400558999E-001                  2.8000597189749415E-001                  2.0223314096915912E-002                  9.8690549792358322E+000                  1.6355866847242208E+002                  1.5100174782059675E-040 
                                     776                  1.4124497114472738E+000                 -2.8815121714246034E-001                  7.2678699324873319E+000                  1.0491375810800321E+000                  1.6447786561785446E+001                  6.9975897405861731E-001                  2.8000633344926235E-001                  2.0234692492120399E-002                  9.9874681959265033E+000                  1.6959914375771163E+002                  1.8137004141354105E-040 
                                     777                  1.3961496506969706E+000                 -2.9034201187852132E-001                  7.2694845232566676E+000                  1.0520619137955214E+000                  1.6452344053840033E+001                  6.9974688847754696E-001                  2.8000672584513231E-001                  2.0246385677320733E-002                  1.0108553878559476E+001                  1.7551011497556624E+002                  2.1785404712554509E-040 
                                     778                  1.3798495899466672E+000                 -2.9255142842533050E-001                  7.2706975902565150E+000                  1.0542537414386774E+000                  1.6455762934969325E+001                  6.9973760699951348E-001                  2.8000704195781917E-001                  2.0255351042667291E-002                  1.0201432763529928E+001                  1.7983109963887372E+002                  2.4997305299475839E-040 
                                     779                  1.3716800336948400E+000                 -2.9366593863598173E-001                  7.2715074290121198E+000                  1.0557123284237733E+000                  1.6458040740702266E+001                  6.9973132097248003E-001                  2.8000726364133915E-001                  2.0261415386180870E-002                  1.0264402500354313E+001                  1.8264629410180197E+002                  2.7398438575462076E-040 
                                     780                  1.3635104774430118E+000                 -2.9478531539519670E-001                  7.2727219541585715E+000                  1.0578928254242905E+000                  1.6461449897776912E+001                  6.9972176749430781E-001                  2.8000761289879539E-001                  2.0270619606896800E-002                  1.0360408699623317E+001                  1.8674804266782004E+002                  3.1434129140134716E-040 
                                     781                  1.3471713649393569E+000                 -2.9703894213056736E-001                  7.2743447860008983E+000                  1.0607994087433179E+000                  1.6465998270582233E+001                  6.9970878448041685E-001                  2.8000811288941191E-001                  2.0283102630171301E-002                  1.0492023228410506E+001                  1.9197128291794425E+002                  3.7760345532796575E-040 
                                     782                  1.3307967878066886E+000                 -2.9931779165304723E-001                  7.2759704372353040E+000                  1.0637001654384599E+000                  1.6470543794707591E+001                  6.9969556027717328E-001                  2.8000865449504841E-001                  2.0295785227778307E-002                  1.0627993842549960E+001                  1.9685859198953798E+002                  4.5361206953526892E-040 
                                     783                  1.3144222106740193E+000                 -3.0161755276138580E-001                  7.2784115208431874E+000                  1.0680280777655571E+000                  1.6477341830412598E+001                  6.9967532731488247E-001                  2.8000955604082645E-001                  2.0315116644291087E-002                  1.0841205418632695E+001                  2.0339699121959282E+002                  5.9708570945185867E-040 
                                     784                  1.2816096439788638E+000                 -3.0629136200936419E-001                  7.2816797060251623E+000                  1.0737933919775888E+000                  1.6486414740098247E+001                  6.9964790248407804E-001                  2.8001093167515539E-001                  2.0341165840766617E-002                  1.1144333287008120E+001                  2.1048245888924598E+002                  8.6180629191151205E-040 
                                     785                  1.2487415408269131E+000                 -3.1106456400186272E-001                  7.2849598617854774E+000                  1.0795336604059986E+000                  1.6495475584426604E+001                  6.9962024895681452E-001                  2.8001253895866135E-001                  2.0367212084524189E-002                  1.1471826810303826E+001                  2.1526136188674840E+002                  1.2441107373679188E-039 
                                     786                  1.2158261540194615E+000                 -3.1594174159198812E-001                  7.2874314742540003E+000                  1.0838338173735980E+000                  1.6502278437484669E+001                  6.9959959116651016E-001                  2.8001391997008801E-001                  2.0386488863401775E-002                  1.1736163324250320E+001                  2.1715711859124565E+002                  1.6393841741861784E-039 
                                     787                  1.1993491429090553E+000                 -3.1842143749225577E-001                  7.2890814701362068E+000                  1.0866840435108067E+000                  1.6506799835030787E+001                  6.9958595651625355E-001                  2.8001493403462746E-001                  2.0399109449118935E-002                  1.1921417827101944E+001                  2.1752631507650256E+002                  1.9701486735516739E-039 
                                     788                  1.1828721317986497E+000                 -3.2092770269949639E-001                  7.2907349844270506E+000                  1.0895775234086509E+000                  1.6511318029817392E+001                  6.9944060955711196E-001                  2.8003645467337573E-001                  2.0522935769512252E-002                  1.1169816073940167E+001                  7.3667778493565734E+001                  2.3689448560538369E-039 
                                     789                  1.1663803347304031E+000                 -3.2346333226595991E-001                  7.2923965740927139E+000                  1.0924057247327568E+000                  1.6515833342559230E+001                  6.9943592306874136E-001                  2.8003770509294940E-001                  2.0526371838309299E-002                  1.1443270243035137E+001                  7.4245606731915046E+001                  2.8486418973966526E-039 
                                     790                  1.1498885376621564E+000                 -3.2602726617694622E-001                  7.2940663068939768E+000                  1.0952220159913408E+000                  1.6520345430455812E+001                  6.9943123021683107E-001                  2.8003904771989802E-001                  2.0529722063270972E-002                  1.1722124677793156E+001                  7.4669983785332377E+001                  3.4273171480199109E-039 
                                     791                  1.1333867048010948E+000                 -3.2862199872474218E-001                  7.2957444659127582E+000                  1.0980384377770727E+000                  1.6524854638631016E+001                  6.9939373455418508E-001                  2.8005497579323324E-001                  2.0551289652581683E-002                  1.1800383956784017E+001                  4.5699561355103768E+001                  4.1267444447598222E-039 
                                     792                  1.1168848719400331E+000                 -3.3124685437039303E-001                  7.2974319768506364E+000                  1.1008290105533187E+000                  1.6529360615260348E+001                  6.9939071051010937E-001                  2.8005651454861979E-001                  2.0552774941270835E-002                  1.2104722712642955E+001                  4.6528087465324610E+001                  4.9710625486543206E-039 
                                     793                  1.1003779834715799E+000                 -3.3390372450531308E-001                  7.2999752309270329E+000                  1.1049801130121844E+000                  1.6536097857888461E+001                  6.9938606855299967E-001                  2.8005904403739684E-001                  2.0554887409603539E-002                  1.2571116265123564E+001                  4.7766342668598206E+001                  6.5761215042932234E-039 
                                     794                  1.0673643736219558E+000                 -3.3931538605505518E-001                  7.3029810702716338E+000                  1.1098012352272351E+000                  1.6543977625895597E+001                  6.9938048094044913E-001                  2.8006235891428694E-001                  2.0557160145263875E-002                  1.3135772765312435E+001                  4.9293895327546018E+001                  9.1433045363992136E-039 
                                     795                  1.0426071144314086E+000                 -3.4346367896801872E-001                  7.3055780578699228E+000                  1.1138928273924071E+000                  1.6550716402332622E+001                  6.9937551894575412E-001                  2.8006555976729042E-001                  2.0558921286955467E-002                  1.3635457684642635E+001                  5.0731020911892898E+001                  1.2143439411685324E-038 
                                     796                  1.0178555010032815E+000                 -3.4769274263296357E-001                  7.3086022320972877E+000                  1.1189261068118930E+000                  1.6558559652048576E+001                  6.9852996966304448E-001                  2.8091590080476003E-001                  2.0554129532195486E-002                  6.7744973985668020E+000                  3.7558686993992815E+001                  1.7061487205812527E-038 
                                     797                  9.8487613967928156E-001                 -3.5345812454678416E-001                  7.3111943380859916E+000                  1.1230078471612794E+000                  1.6565300801575340E+001                  6.9852996966117109E-001                  2.8091590080663714E-001                  2.0554129532191823E-002                  7.0985367580049790E+000                  4.1946754504530162E+001                  2.2617981620346843E-038 
                                     798                  9.6840388932267885E-001                 -3.5639804942029751E-001                  7.3129189753533481E+000                  1.1257118115143268E+000                  1.6569779620449506E+001                  6.9852996965969338E-001                  2.8091590080812417E-001                  2.0554129532182497E-002                  7.3253191463733156E+000                  4.5140992935410409E+001                  2.7274208700114167E-038 
                                     799                  9.5193163896607647E-001                 -3.5938010007389548E-001                  7.3146420469727875E+000                  1.1284094799134385E+000                  1.6574255210382368E+001                  6.9852996965798098E-001                  2.8091590080985163E-001                  2.0554129532167398E-002                  7.5614456072587322E+000                  4.8570911423519981E+001                  3.2874367799762129E-038 
                                     800                  9.3548315748755784E-001                 -3.6240140847730734E-001                  7.3163637235120333E+000                  1.1311008420266899E+000                  1.6578727993845927E+001                  6.9852996965632674E-001                  2.8091590081152196E-001                  2.0554129532151300E-002                  7.8073964215111822E+000                  5.2253668039525195E+001                  3.9607517775424523E-038 
                                     801                  9.1903467600903854E-001                 -3.6546785283366356E-001                  7.3180838418685985E+000                  1.1337854807285699E+000                  1.6583197571583042E+001                  6.9852996965470182E-001                  2.8091590081316425E-001                  2.0554129532133869E-002                  8.0636302299959173E+000                  5.6206900758362153E+001                  4.7698574653643084E-038 
                                     802                  9.0261662383689711E-001                 -3.6857532268327176E-001                  7.3198025802506574E+000                  1.1364635260130032E+000                  1.6587664380126107E+001                  6.9852996965308845E-001                  2.8091590081479617E-001                  2.0554129532115439E-002                  8.3306801676900708E+000                  6.0450245675196207E+001                  5.7418176230186453E-038 
                                     803                  8.8619857166475591E-001                 -3.7173122589910151E-001                  7.3215197690359579E+000                  1.1391346849611657E+000                  1.6592128009130924E+001                  6.9852996965147618E-001                  2.8091590081642842E-001                  2.0554129532095455E-002                  8.6090542925474143E+000                  6.5003844656143286E+001                  6.9087942058170934E-038 
                                     804                  8.6981795141920615E-001                 -3.7493007028507841E-001                  7.3232355945724228E+000                  1.1417992127709544E+000                  1.6596588910273883E+001                  6.9852996964985725E-001                  2.8091590081806850E-001                  2.0554129532074250E-002                  8.8993442248053931E+000                  6.9890164412469787E+001                  8.3094692017686446E-038 
                                     805                  8.5343733117365650E-001                 -3.7818096500011256E-001                  7.3249498803978677E+000                  1.1444569253954990E+000                  1.6601046661685125E+001                  6.9852996964822711E-001                  2.8091590081972140E-001                  2.0554129532051491E-002                  9.2021124465349935E+000                  7.5132198320575554E+001                  9.9897620115660930E-038 
                                     806                  8.3710150992523391E-001                 -3.8147687830711791E-001                  7.3266628215000518E+000                  1.1471081885065977E+000                  1.6605501731238032E+001                  6.9852996964658187E-001                  2.8091590082139051E-001                  2.0554129532027621E-002                  9.5180153177190157E+000                  8.0755646392348197E+001                  1.2004878968670023E-037 
                                     807                  8.2076568867681110E-001                 -3.8482881626899895E-001                  7.3279477016928807E+000                  1.1490968919141695E+000                  1.6608846756280041E+001                  6.9852996964533420E-001                  2.8091590082265733E-001                  2.0554129532008414E-002                  9.7642248976668604E+000                  8.5243998579308453E+001                  1.3776777441492265E-037 
                                     808                  8.1262405552777317E-001                 -3.8652101458735094E-001                  7.3288023713956694E+000                  1.1504166080023526E+000                  1.6611070221177968E+001                  6.9852996964449876E-001                  2.8091590082350593E-001                  2.0554129531995313E-002                  9.9324860486900430E+000                  8.8364039071290406E+001                  1.5096584983145664E-037 
                                     809                  8.0448242237873502E-001                 -3.8822800184025152E-001                  7.3300843060908241E+000                  1.1523914990076021E+000                  1.6614402932457466E+001                  6.9852996964323666E-001                  2.8091590082478796E-001                  2.0554129531975329E-002                  1.0191816187970007E+001                  9.3254826253937807E+001                  1.7314626902938148E-037 
                                     810                  7.8819915608065949E-001                 -3.9168761438792526E-001                  7.3317928787571178E+000                  1.1550240551919440E+000                  1.6618849177475379E+001                  6.9852996964153280E-001                  2.8091590082652018E-001                  2.0554129531947019E-002                  1.0551134706028169E+001                  1.0018995303978285E+002                  2.0781164275560322E-037 
                                     811                  7.7197661649428884E-001                 -3.9519695363203344E-001                  7.3335001496027079E+000                  1.1576510663153607E+000                  1.6623292848233753E+001                  6.9852996963980607E-001                  2.8091590082827672E-001                  2.0554129531917154E-002                  1.0926434395524041E+001                  1.0762567361478281E+002                  2.4931853126666383E-037 
                                     812                  7.5575407690791807E-001                 -3.9877152363705881E-001                  7.3352059190451202E+000                  1.1602725856445868E+000                  1.6627733484037623E+001                  6.9852996963805569E-001                  2.8091590083005841E-001                  2.0554129531885845E-002                  1.1318476554141892E+001                  1.1559612907958949E+002                  2.9899207184466565E-037 
                                     813                  7.3960088135638646E-001                 -4.0239849292956770E-001                  7.3369104111316492E+000                  1.1628892259908927E+000                  1.6632171607557218E+001                  6.9852996963628056E-001                  2.8091590083186652E-001                  2.0554129531852983E-002                  1.1728156929694151E+001                  1.2413974801160609E+002                  3.5842412389333536E-037 
                                     814                  7.2344768580485497E-001                 -4.0609603875091388E-001                  7.3386134174441606E+000                  1.1655010907974521E+000                  1.6636606743176486E+001                  6.9852996963448011E-001                  2.8091590083370138E-001                  2.0554129531818566E-002                  1.2156317142593359E+001                  1.3329545566249195E+002                  4.2949650427402845E-037 
                                     815                  7.0737293013451996E-001                 -4.0984890329578716E-001                  7.3403151728445799E+000                  1.1681088485222819E+000                  1.6641039433936175E+001                  6.9852996963265357E-001                  2.8091590083556400E-001                  2.0554129531782372E-002                  1.2603950900401637E+001                  1.4310718179844571E+002                  5.1446945210744017E-037 
                                     816                  6.9129817446418551E-001                 -4.1367827912108079E-001                  7.3420154593923339E+000                  1.1707126387543794E+000                  1.6645469188009901E+001                  6.9852996963080061E-001                  2.8091590083745471E-001                  2.0554129531744625E-002                  1.3071988492298109E+001                  1.5361929191800687E+002                  6.1601233068646365E-037 
                                     817                  6.7531146972460376E-001                 -4.1756617197354262E-001                  7.3437145233837366E+000                  1.1733131728982251E+000                  1.6649896569923051E+001                  6.9852996962892067E-001                  2.8091590083937412E-001                  2.0554129531705212E-002                  1.3561532564067285E+001                  1.6488199736386730E+002                  7.3733105590588095E-037 
                                     818                  6.5932476498502202E-001                 -4.2153718719228889E-001                  7.3449896615938899E+000                  1.1752669736844443E+000                  1.6653222563418204E+001                  6.9852996962748881E-001                  2.8091590084083695E-001                  2.0554129531674237E-002                  1.3944052186369834E+001                  1.7386588341308433E+002                  8.4371748943535257E-037 
                                     819                  6.5138052170001681E-001                 -4.2354265734807339E-001                  7.3458368383548969E+000                  1.1765630097075250E+000                  1.6655430745028728E+001                  6.9852996962652980E-001                  2.8091590084181700E-001                  2.0554129531653142E-002                  1.4205536757131794E+001                  1.8009846445790436E+002                  9.2268275745015911E-037 
                                     820                  6.4343627841501161E-001                 -4.2557019817050401E-001                  7.3471085323504299E+000                  1.1785056214442533E+000                  1.6658743170373114E+001                  6.9852996962507863E-001                  2.8091590084330048E-001                  2.0554129531620946E-002                  1.4609439334486401E+001                  1.8986800780433970E+002                  1.0551840320633951E-036 
                                     821                  6.2754779184500176E-001                 -4.2969376001560300E-001                  7.3488035210415701E+000                  1.1810985274108803E+000                  1.6663162552259497E+001                  6.9852996962311587E-001                  2.8091590084530821E-001                  2.0554129531575871E-002                  1.5170171447616083E+001                  2.0370646611695193E+002                  1.2616190546626934E-036 
                                     822                  6.1176829286789525E-001                 -4.3388323270431828E-001                  7.3504973491004799E+000                  1.1836900126325411E+000                  1.6667579721853159E+001                  6.9852996962112479E-001                  2.8091590084734613E-001                  2.0554129531529020E-002                  1.5757157875120361E+001                  2.1852659196639453E+002                  1.5079437355363379E-036 
                                     823                  5.9598879389078874E-001                 -4.3817151921423148E-001                  7.3521897648017225E+000                  1.1862802428417663E+000                  1.6671994128889118E+001                  6.9852996961910530E-001                  2.8091590084941442E-001                  2.0554129531480281E-002                  1.6371654868923386E+001                  2.3439392955507071E+002                  1.8017340682808029E-036 
                                     824                  5.8032970598555389E-001                 -4.4253001331885644E-001                  7.3538810531041126E+000                  1.1888699861876026E+000                  1.6676406409840620E+001                  6.9852996961705704E-001                  2.8091590085151341E-001                  2.0554129531429544E-002                  1.7015172550240038E+001                  2.5138339173764004E+002                  2.1520927951403568E-036 
                                     825                  5.6467061808031960E-001                 -4.4699668095446060E-001                  7.3555709489022307E+000                  1.1914593903133077E+000                  1.6680815990894740E+001                  6.9852996961498015E-001                  2.8091590085364337E-001                  2.0554129531376475E-002                  1.7689099698410683E+001                  2.6956956628195553E+002                  2.5697310547325517E-036 
                                     826                  5.4914407762594375E-001                 -4.5153833840723295E-001                  7.3572597517531753E+000                  1.1940492195194066E+000                  1.6685223535420494E+001                  6.9852996961287417E-001                  2.8091590085580448E-001                  2.0554129531321408E-002                  1.8395115080374612E+001                  2.8903802526927802E+002                  3.0675229384527060E-036 
                                     827                  5.3361753717156735E-001                 -4.5619877652305257E-001                  7.3589471818646430E+000                  1.1966395901280487E+000                  1.6689628443563546E+001                  6.9852996961073899E-001                  2.8091590085799689E-001                  2.0554129531264120E-002                  1.9134754147095755E+001                  3.0987360485744750E+002                  3.6606052803254413E-036 
                                     828                  5.1823646043112792E-001                 -4.6093955416738391E-001                  7.3606335544663235E+000                  1.1992312519065407E+000                  1.6694031407344504E+001                  6.9852996960857439E-001                  2.8091590086022106E-001                  2.0554129531204612E-002                  1.9909884306490653E+001                  3.3217403554762296E+002                  4.3671804611615372E-036 
                                     829                  5.0285538369068850E-001                 -4.6581119732757154E-001                  7.3619001213491781E+000                  1.2011826823514087E+000                  1.6697341582846754E+001                  6.9852996960692615E-001                  2.8091590086191587E-001                  2.0554129531157983E-002                  2.0516967744851055E+001                  3.4995901010033299E+002                  4.9857634105490106E-036 
                                     830                  4.9524446361887192E-001                 -4.6827263785879719E-001                  7.3627401454477104E+000                  1.2024762252357264E+000                  1.6699535460157829E+001                  6.9852996960582481E-001                  2.8091590086304874E-001                  2.0554129531126453E-002                  2.0931707602223142E+001                  3.6226758767256126E+002                  5.4433313702075964E-036 
                                     831                  4.8763354354705585E-001                 -4.7076914362834366E-001                  7.3640025312622157E+000                  1.2044192749486613E+000                  1.6702830181453731E+001                  6.9852996960415714E-001                  2.8091590086476470E-001                  2.0554129531078158E-002                  2.1573766284500849E+001                  3.8156967785161595E+002                  6.2106705341022759E-036 
                                     832                  4.7241170340342253E-001                 -4.7587185788351494E-001                  7.3656851936861800E+000                  1.2070164897177778E+000                  1.6707226209936696E+001                  6.9852996960190428E-001                  2.8091590086708451E-001                  2.0554129531011212E-002                  2.2466496080968248E+001                  4.0888666123972854E+002                  7.4035518572642103E-036 
                                     833                  4.5736381786804836E-001                 -4.8106774162487564E-001                  7.3673668713079259E+000                  1.2096164968715075E+000                  1.6711620482883273E+001                  6.9852996959962155E-001                  2.8091590086943680E-001                  2.0554129530941712E-002                  2.3402685517001096E+001                  4.3811346875326785E+002                  8.8236384708678402E-036 
                                     834                  4.4231593233267363E-001                 -4.8642430973758349E-001                  7.3690472306747239E+000                  1.2122192403909271E+000                  1.6716012303805073E+001                  6.9852996959730940E-001                  2.8091590087182122E-001                  2.0554129530869325E-002                  2.4384410142650804E+001                  4.6937446052280308E+002                  1.0513618156821618E-035 
                                     835                  4.2745776735158614E-001                 -4.9188180974786888E-001                  7.3707266419346134E+000                  1.2148253657879642E+000                  1.6720402464058889E+001                  6.9852996959496727E-001                  2.8091590087423823E-001                  2.0554129530794496E-002                  2.5414249992164933E+001                  5.0281502824722793E+002                  1.2524952445679040E-035 
                                     836                  4.1259960237049870E-001                 -4.9751853995112355E-001                  7.3724047497536587E+000                  1.2174347334634965E+000                  1.6724790227285755E+001                  6.9852996959259561E-001                  2.8091590087668755E-001                  2.0554129530716780E-002                  2.6494499331892897E+001                  5.3857621955421860E+002                  1.4917986452814046E-035 
                                     837                  3.9794809215618510E-001                 -5.0326511353928638E-001                  7.3740819460309748E+000                  1.2200479353526681E+000                  1.6729176423747795E+001                  6.9852996959019431E-001                  2.8091590087916968E-001                  2.0554129530635956E-002                  2.7628035202050295E+001                  5.7682392234877955E+002                  1.7765557878111000E-035 
                                     838                  3.8329658194187161E-001                 -5.0921261915153626E-001                  7.3757578510401416E+000                  1.2226647351153364E+000                  1.6733560272427955E+001                  6.9852996958776359E-001                  2.8091590088168411E-001                  2.0554129530552245E-002                  2.8817392513878644E+001                  6.1771795137721881E+002                  2.1153036153977709E-035 
                                     839                  3.6886997103197761E-001                 -5.1528028274923598E-001                  7.3774328806141014E+000                  1.2252856623019710E+000                  1.6737942646322004E+001                  6.9852996958530322E-001                  2.8091590088423130E-001                  2.0554129530465426E-002                  3.0065781164807134E+001                  6.6144752093200987E+002                  2.5183618603627564E-035 
                                     840                  3.5444336012208422E-001                 -5.2157448876748980E-001                  7.3786923699835816E+000                  1.2272628807588737E+000                  1.6741241171123079E+001                  6.9852996958343094E-001                  2.8091590088617135E-001                  2.0554129530397702E-002                  3.1045884614059226E+001                  6.9633303350097060E+002                  2.8712946785369409E-035 
                                     841                  3.4735236638385741E-001                 -5.2475683041786791E-001                  7.3795253874563791E+000                  1.2285705328902743E+000                  1.6743421273985586E+001                  6.9852996958218438E-001                  2.8091590088746349E-001                  2.0554129530352183E-002                  3.1714205071929261E+001                  7.2039450786948498E+002                  3.1314720850215794E-035 
                                     842                  3.4026137264563050E-001                 -5.2800081134841570E-001                  7.3807794632376433E+000                  1.2305391353479267E+000                  1.6746701139190300E+001                  6.9852996958029534E-001                  2.8091590088942253E-001                  2.0554129530282128E-002                  3.2751566336218694E+001                  7.5816930725639088E+002                  3.5682941849906908E-035 
                                     843                  3.2607938516917678E-001                 -5.3468427152640541E-001                  7.3824510922686128E+000                  1.2331718529422644E+000                  1.6751077546902909E+001                  6.9852996957774827E-001                  2.8091590089206631E-001                  2.0554129530185428E-002                  3.4195695207463501E+001                  8.1158386922346915E+002                  4.2469802134139669E-035 
                                     844                  3.1216342860763302E-001                 -5.4151414899245498E-001                  7.3841219158576159E+000                  1.2358087212908182E+000                  1.6755452654354205E+001                  6.9852996957517222E-001                  2.8091590089474239E-001                  2.0554129530085397E-002                  3.5712325264370151E+001                  8.6868093033034143E+002                  5.0546641452125635E-035 
                                     845                  2.9824747204608926E-001                 -5.4863780272676699E-001                  7.3857914615361251E+000                  1.2384491331813714E+000                  1.6759825509461574E+001                  6.9852996957256841E-001                  2.8091590089744983E-001                  2.0554129529981813E-002                  3.7304857179154318E+001                  9.2969119084880106E+002                  6.0157141111134718E-035 
                                     846                  2.8462088541521102E-001                 -5.5592483000299386E-001                  7.3874602353569729E+000                  1.2410933839759908E+000                  1.6764197145366328E+001                  6.9852996956993674E-001                  2.8091590090018886E-001                  2.0554129529874343E-002                  3.8977760321553887E+001                  9.9489486164564164E+002                  7.1597700934049871E-035 
                                     847                  2.7099429878433334E-001                 -5.6355037059904356E-001                  7.3891277252926129E+000                  1.2437407149683488E+000                  1.6768566536738611E+001                  6.9852996956727831E-001                  2.8091590090295848E-001                  2.0554129529763210E-002                  4.0734773716816576E+001                  1.0645518141768216E+003                  8.5215394111559670E-035 
                                     848                  2.5768265890705355E-001                 -5.7135977202972976E-001                  7.3907944759582742E+000                  1.2463913298809508E+000                  1.6772934785151993E+001                  6.9852996956459290E-001                  2.8091590090575863E-001                  2.0554129529648524E-002                  4.2580891617095105E+001                  1.1389812251091457E+003                  1.0143354879497639E-034 
                                     849                  2.4437101902977323E-001                 -5.7956291936899840E-001                  7.3924599299757041E+000                  1.2490443039707091E+000                  1.6777300781173853E+001                  6.9852996956188218E-001                  2.8091590090858820E-001                  2.0554129529529619E-002                  4.4520215333048370E+001                  1.2184752027033076E+003                  1.2074787848422088E-034 
                                     850                  2.3140252415492113E-001                 -5.8797503929893935E-001                  7.3941246765651618E+000                  1.2516997441512439E+000                  1.6781665705620313E+001                  6.9852996955914615E-001                  2.8091590091144697E-001                  2.0554129529406939E-002                  4.6558327635450695E+001                  1.3033972046648737E+003                  1.4376491312920628E-034 
                                     851                  2.1843402928006850E-001                 -5.9685015362537286E-001                  7.3953789314606126E+000                  1.2537053888811358E+000                  1.6784957727962226E+001                  6.9852996955706625E-001                  2.8091590091362240E-001                  2.0554129529311349E-002                  4.8163243431593465E+001                  1.3712177055947168E+003                  1.6399442793778324E-034 
                                     852                  2.1213700855231554E-001                 -6.0134294550433076E-001                  7.3962042384193012E+000                  1.2550241493619345E+000                  1.6787122373662474E+001                  6.9852996955569091E-001                  2.8091590091506158E-001                  2.0554129529247511E-002                  4.9252752257424511E+001                  1.4177229592071058E+003                  1.7885025290052446E-034 
                                     853                  2.0583998782456259E-001                 -6.0596536479704621E-001                  7.3974507059872376E+000                  1.2570143625624781E+000                  1.6790389490086699E+001                  6.9852996955360369E-001                  2.8091590091724694E-001                  2.0554129529149368E-002                  5.0950391065013406E+001                  1.4909120203907819E+003                  2.0390680067121396E-034 
                                     854                  1.9324594636905668E-001                 -6.1563211827344944E-001                  7.3991121114871632E+000                  1.2596725900253873E+000                  1.6794748804761419E+001                  6.9852996955079960E-001                  2.8091590092018603E-001                  2.0554129529014364E-002                  5.3315682927022181E+001                  1.5942935984143805E+003                  2.4292808140728618E-034 
                                     855                  1.8106141196876813E-001                 -6.2557888123626604E-001                  7.4007728732851756E+000                  1.2623307972050333E+000                  1.6799107179111800E+001                  6.9852996954797497E-001                  2.8091590092314989E-001                  2.0554129528875142E-002                  5.5802364320052540E+001                  1.7046817040144456E+003                  2.8951547637929030E-034 
                                     856                  1.6887687756847902E-001                 -6.3619221631548284E-001                  7.4024322472428556E+000                  1.2649878764125120E+000                  1.6803463157790400E+001                  6.9852996954513236E-001                  2.8091590092613589E-001                  2.0554129528731702E-002                  5.8415785181343459E+001                  1.8224857686024395E+003                  3.4514471263453970E-034 
                                     857                  1.5714149345437300E-001                 -6.4713718308633295E-001                  7.4040910117368108E+000                  1.2676445202700966E+000                  1.6807818260155251E+001                  6.9852996954227264E-001                  2.8091590092914320E-001                  2.0554129528584153E-002                  6.1163906491226761E+001                  1.9482467564203137E+003                  4.1164511794110955E-034 
                                     858                  1.4540610934026699E-001                 -6.5890259917210814E-001                  7.4057483341634391E+000                  1.2702999707919602E+000                  1.6812170867058192E+001                  6.9852996953939916E-001                  2.8091590093216845E-001                  2.0554129528432385E-002                  6.4052601039399406E+001                  2.0824226108759476E+003                  4.9115997462568869E-034 
                                     859                  1.3416526216750213E-001                 -6.7106844164237189E-001                  7.4074050836291487E+000                  1.2729550099999156E+000                  1.6816522660676046E+001                  6.9852996953651325E-001                  2.8091590093521041E-001                  2.0554129528276288E-002                  6.7090865523848365E+001                  2.2256326943060349E+003                  5.8635990922617894E-034 
                                     860                  1.2292441499473727E-001                 -6.8426651122430338E-001                  7.4086574147741171E+000                  1.2749653684192339E+000                  1.6819815663600178E+001                  6.9852996953432467E-001                  2.8091590093752000E-001                  2.0554129528155274E-002                  6.9492904352162753E+001                  2.3402936674172929E+003                  6.7069237019913534E-034 
                                     861                  1.1757763973914814E-001                 -6.9096141116767118E-001                  7.4094742200098471E+000                  1.2762749399991495E+000                  1.6821961897586323E+001                  6.9852996953289459E-001                  2.8091590093903013E-001                  2.0554129528075338E-002                  7.1109965270883905E+001                  2.4181808163211435E+003                  7.3228256427674869E-034 
                                     862                  1.1223086448355958E-001                 -6.9795935086647143E-001                  7.4107146509508723E+000                  1.2782614330251445E+000                  1.6825219104586452E+001                  6.9852996953071933E-001                  2.8091590094132851E-001                  2.0554129527952103E-002                  7.3644539743561495E+001                  2.5413516533487259E+003                  8.3708611498260009E-034 
                                     863                  1.0153731397238186E-001                 -7.1298730407784283E-001                  7.4123677240552865E+000                  1.2809134480203210E+000                  1.6829564644635447E+001                  6.9852996952781843E-001                  2.8091590094439745E-001                  2.0554129527784126E-002                  7.7177653993023625E+001                  2.7151652212886293E+003                  1.0011480410563520E-033 
                                     864                  9.1453590167775989E-002                 -7.2864617170458068E-001                  7.4140202958810644E+000                  1.2835650648045929E+000                  1.6833909461761049E+001                  6.9852996952491919E-001                  2.8091590094746832E-001                  2.0554129527612486E-002                  8.0895233984934947E+001                  2.9006070418038648E+003                  1.1983228027054493E-033 
                                     865                  8.1369866363170118E-002                 -7.4609298693174886E-001                  7.4152734896070616E+000                  1.2855793829667761E+000                  1.6837207856837662E+001                  6.9852996952272650E-001                  2.8091590094979385E-001                  2.0554129527479592E-002                  8.3844931764570987E+001                  3.0495138256204614E+003                  1.3742045068889406E-033 
                                     866                  7.6670921476952314E-002                 -7.5495935911030521E-001                  7.4164880730658460E+000                  1.2875266488097961E+000                  1.6840399827478770E+001                  6.9852996952060309E-001                  2.8091590095204722E-001                  2.0554129527349696E-002                  8.6814537472733605E+001                  3.2009625960026251E+003                  1.5700572924836460E-033 
                                     867                  6.7273031704516706E-002                 -7.7441534762017994E-001                  7.4177511450955143E+000                  1.2895575641748469E+000                  1.6843725155000719E+001                  6.9852996951831503E-001                  2.8091590095447866E-001                  2.0554129527206255E-002                  9.0025388382548883E+001                  3.3663519855343056E+003                  1.8044833522197250E-033 
                                     868                  6.2574086818298902E-002                 -7.8516842976246071E-001                  7.4189273957034318E+000                  1.2914447906436792E+000                  1.6846817989377758E+001                  6.9852996951613588E-001                  2.8091590095679597E-001                  2.0554129527068143E-002                  9.3130570373836392E+001                  3.5278842041816115E+003                  2.0552670096037635E-033 
                                     869                  5.4411670603067848E-002                 -8.0588910640267453E-001                  7.4204844094989850E+000                  1.2939461631927147E+000                  1.6850915338081929E+001                  6.9852996951313495E-001                  2.8091590095999086E-001                  2.0554129526874187E-002                  9.7421119121299839E+001                  3.7535112448584478E+003                  2.4437599671301423E-033 
                                     870                  4.6249254387836780E-002                 -8.2992795472833503E-001                  7.4221195703217040E+000                  1.2965738860104732E+000                  1.6855219317285954E+001                  6.9852996950984281E-001                  2.8091590096350044E-001                  2.0554129526656695E-002                  1.0215805963814707E+002                  4.0057526732280012E+003                  2.9343010690994417E-033 
                                     871                  3.8086838172605719E-002                 -8.5857685407915041E-001                  7.4238545121909318E+000                  1.2993628652202052E+000                  1.6859787041457089E+001                  6.9852996950617519E-001                  2.8091590096741587E-001                  2.0554129526408893E-002                  1.0745709123902772E+002                  4.2916326692826215E+003                  3.5675123342814824E-033 
                                     872                  2.9924421957374658E-002                 -8.9407081341361694E-001                  7.4251689251369424E+000                  1.3014802642207171E+000                  1.6863252112431645E+001                  6.9852996950323820E-001                  2.8091590097055602E-001                  2.0554129526205722E-002                  1.1166961514011133E+002                  4.5215409118261377E+003                  4.1406640124737939E-033 
                                     873                  2.6614555025040176E-002                 -9.1128651494504342E-001                  7.4259550995190775E+000                  1.3027446814058821E+000                  1.6865322692207918E+001                  6.9852996950143487E-001                  2.8091590097248542E-001                  2.0554129526079712E-002                  1.1427320675619828E+002                  4.6647770382057561E+003                  4.5283344714953001E-033 
                                     874                  2.3304688092705694E-002                 -9.3076858827324138E-001                  7.4271839315922001E+000                  1.3047187935338007E+000                  1.6868557009069768E+001                  6.9852996949853530E-001                  2.8091590097558983E-001                  2.0554129525874876E-002                  1.1847351780427030E+002                  4.8976243769720522E+003                  5.2113642430848700E-033 
                                     875                  1.6684954228037285E-002                 -9.7969809585097012E-001                  7.4286496329226459E+000                  1.3070799439769054E+000                  1.6872421317739356E+001                  6.9852996949484558E-001                  2.8091590097954611E-001                  2.0554129525608311E-002                  1.2370292291993641E+002                  5.1904201058427398E+003                  6.1683608504566933E-033 
                                     876                  1.2659066621474313E-002                 -1.0200445465360135E+000                  7.4298600126461860E+000                  1.3090280239670020E+000                  1.6875610860514623E+001                  6.9852996949164192E-001                  2.8091590098298486E-001                  2.0554129525373277E-002                  1.2820713628967820E+002                  5.4451141754182581E+003                  7.0956529193632656E-033 
                                     877                  8.6331790149113408E-003                 -1.0758699797447424E+000                  7.4312829746373739E+000                  1.3113184456025200E+000                  1.6879360923820656E+001                  6.9852996948762658E-001                  2.8091590098729946E-001                  2.0554129525073961E-002                  1.3372775693644215E+002                  5.7602960161678220E+003                  8.3738723697544071E-033 
                                     878                  4.2914611985689355E-003                 -1.1776046818864649E+000                  7.4326218722943089E+000                  1.3134781490337630E+000                  1.6882894097903840E+001                  6.9852996948342971E-001                  2.8091590099181646E-001                  2.0554129524753773E-002                  1.3915582259919475E+002                  6.0732767727575456E+003                  9.7960460464208976E-033 
                                     879                  2.3671003274339242E-003                 -1.2640308868268595E+000                  7.4334224579424575E+000                  1.3147684586891402E+000                  1.6885005749005266E+001                  6.9852996948070623E-001                  2.8091590099475000E-001                  2.0554129524543718E-002                  1.4251294126150913E+002                  6.2683348363918221E+003                  1.0764294287048299E-032 
                                     880                  1.2085691389529529E-003                 -1.3615674546661114E+000                  7.4339858582455047E+000                  1.3156765831395900E+000                  1.6886491907916707E+001                  6.9852996947861701E-001                  2.8091590099700176E-001                  2.0554129524381182E-002                  1.4492713108584445E+002                  6.4092863528329635E+003                  1.1504945282330380E-032 
                                     881                  6.2930354471246730E-004                 -1.4561756669490622E+000                  7.4343355103435140E+000                  1.3162400940019692E+000                  1.6887414166493500E+001                  6.9852996947721280E-001                  2.8091590099851582E-001                  2.0554129524271381E-002                  1.4644722968751495E+002                  6.4983239842448884E+003                  1.1991061573648523E-032 
                                     882                  3.3967074759222454E-004                 -1.5455278716658207E+000                  7.4345500409522556E+000                  1.3165858069817273E+000                  1.6887979995883935E+001                  6.9852996947628609E-001                  2.8091590099951530E-001                  2.0554129524198661E-002                  1.4738826930592367E+002                  6.5535539894258009E+003                  1.2299843501050659E-032 
                                     883                  1.9485434903210308E-004                 -1.6260285829082752E+000                  7.4346790660787727E+000                  1.3167937168177033E+000                  1.6888320292213077E+001                  6.9852996947569157E-001                  2.8091590100015656E-001                  2.0554129524151810E-002                  1.4795732919480855E+002                  6.5869928464185114E+003                  1.2489522591963406E-032 
                                     884                  1.2244614975176482E-004                 -1.6933138241221317E+000                  7.4347543599381076E+000                  1.3169150399695380E+000                  1.6888518871448078E+001                  6.9852996947532564E-001                  2.8091590100055125E-001                  2.0554129524123166E-002                  1.4829048689624884E+002                  6.6065838239791228E+003                  1.2601613883783158E-032 
                                     885                  8.6242050111873247E-005                 -1.7440730397698605E+000                  7.4348107655821201E+000                  1.3170059217405472E+000                  1.6888667629234824E+001                  6.9852996947504042E-001                  2.8091590100085900E-001                  2.0554129524100517E-002                  1.4854058894981392E+002                  6.6212976502872598E+003                  1.2686270437830195E-032 
                                     886                  5.0037950471834229E-005                 -1.8228997156517321E+000                  7.4348679364515524E+000                  1.3170980406323582E+000                  1.6888818409489993E+001                  6.9852996947473300E-001                  2.8091590100119068E-001                  2.0554129524076314E-002                  1.4879454302193304E+002                  6.6362440472719481E+003                  1.2772679188229945E-032 
                                     887                  2.5018975232235164E-005                 -1.9232603530361738E+000                  7.4349120825674513E+000                  1.3171691745649983E+000                  1.6888934840606687E+001                  6.9852996947447632E-001                  2.8091590100146763E-001                  2.0554129524056108E-002                  1.4899095719430508E+002                  6.6478080621193321E+003                  1.2839820734888864E-032 
                                     888                  1.2509487611464185E-005                 -2.0236145833693526E+000                  7.4349398897423553E+000                  1.3172139806053162E+000                  1.6889008178952061E+001                  6.9852996947430157E-001                  2.8091590100165609E-001                  2.0554129524042342E-002                  1.4911481766380516E+002                  6.6551022782612326E+003                  1.2882300676991171E-032 
                                     889                  6.2547438010786974E-006                 -2.1239647763056859E+000                  7.4349574059200982E+000                  1.3172422044474721E+000                  1.6889054375776308E+001                  6.9852996947418267E-001                  2.8091590100178443E-001                  2.0554129524032905E-002                  1.4919289541116430E+002                  6.6597010577778083E+003                  1.2909134412481897E-032 
                                     890                  3.1273718957471751E-006                 -2.2243124221527917E+000                  7.4349684399258553E+000                  1.3172599834815260E+000                  1.6889083476585231E+001                  6.9852996947410184E-001                  2.8091590100187175E-001                  2.0554129524026354E-002                  1.4924210136467013E+002                  6.6625995808661019E+003                  1.2926067659831644E-032 
                                     891                  1.5636859433589695E-006                 -2.3246584555104892E+000                  7.4349753907165290E+000                  1.3172711832236310E+000                  1.6889101808401325E+001                  6.9852996947404677E-001                  2.8091590100193115E-001                  2.0554129524022136E-002                  1.4927310712388689E+002                  6.6644261207491745E+003                  1.2936746481694830E-032 
                                     892                  7.8184296688731114E-007                 -2.4250034571107610E+000                  7.4349797693606252E+000                  1.3172782384787394E+000                  1.6889113356501877E+001                  6.9852996947400936E-001                  2.8091590100197156E-001                  2.0554129524019027E-002                  1.4929264267430756E+002                  6.6655770005638378E+003                  1.2943478301374991E-032 
                                     893                  3.9092147892903772E-007                 -2.5253477765563006E+000                  7.4349834471429590E+000                  1.3172841644205113E+000                  1.6889123056149430E+001                  6.9852996947397528E-001                  2.8091590100200825E-001                  2.0554129524016473E-002                  1.4930905337626575E+002                  6.6665438170908146E+003                  1.2949135412891114E-032 
